week_start,sku_id,units_sold,prediction
2025-10-13,SKU_0001,16,21.475204994950428
2025-10-20,SKU_0001,22,27.584301813940133
2025-10-27,SKU_0001,26,28.126663929655134
2025-11-03,SKU_0001,31,24.25966552881598
2025-11-10,SKU_0001,26,22.28972989306259
2025-11-17,SKU_0001,29,23.84758350512456
2025-11-24,SKU_0001,18,25.88797153686003
2025-12-01,SKU_0001,22,26.59507179876418
2025-12-08,SKU_0001,20,25.479911556281706
2025-12-15,SKU_0001,33,29.948294675017394
2025-12-22,SKU_0001,32,31.572560208285697
2025-12-29,SKU_0001,18,26.40718095051293
2025-10-13,SKU_0002,22,24.581731075493142
2025-10-20,SKU_0002,37,33.39756127071706
2025-10-27,SKU_0002,54,38.72932251267917
2025-11-03,SKU_0002,26,37.31670737428443
2025-11-10,SKU_0002,30,29.80813946684028
2025-11-17,SKU_0002,29,32.471142968803704
2025-11-24,SKU_0002,36,31.572021102552906
2025-12-01,SKU_0002,41,33.14117519954439
2025-12-08,SKU_0002,45,35.97337807249328
2025-12-15,SKU_0002,51,56.15855525419881
2025-12-22,SKU_0002,60,58.99102494269866
2025-12-29,SKU_0002,17,38.73428240726085
2025-10-13,SKU_0003,14,19.481269722917496
2025-10-20,SKU_0003,32,23.682722399685485
2025-10-27,SKU_0003,33,31.25509337503347
2025-11-03,SKU_0003,19,28.44304040596244
2025-11-10,SKU_0003,22,19.751095909612467
2025-11-17,SKU_0003,15,21.480597962983783
2025-11-24,SKU_0003,22,17.606823798817352
2025-12-01,SKU_0003,23,22.975733588906948
2025-12-08,SKU_0003,24,22.473751355052478
2025-12-15,SKU_0003,37,31.321627935024043
2025-12-22,SKU_0003,40,33.97968162700855
2025-12-29,SKU_0003,9,29.13267376840791
2025-10-13,SKU_0004,52,55.37625713753766
2025-10-20,SKU_0004,99,72.84217286164935
2025-10-27,SKU_0004,87,89.67588540272418
2025-11-03,SKU_0004,72,79.37111869889772
2025-11-10,SKU_0004,83,67.67837116597273
2025-11-17,SKU_0004,68,76.14816578954148
2025-11-24,SKU_0004,60,72.19475763307148
2025-12-01,SKU_0004,63,72.32723151883167
2025-12-08,SKU_0004,69,69.83547156649657
2025-12-15,SKU_0004,104,96.83390348384056
2025-12-22,SKU_0004,106,110.51712957928592
2025-12-29,SKU_0004,45,68.24340252324141
2025-10-13,SKU_0005,120,93.7524736571424
2025-10-20,SKU_0005,143,139.2231184450454
2025-10-27,SKU_0005,172,156.59238862204325
2025-11-03,SKU_0005,149,132.43788123501443
2025-11-10,SKU_0005,113,125.2680982928765
2025-11-17,SKU_0005,102,121.15366162220624
2025-11-24,SKU_0005,110,110.9748852220441
2025-12-01,SKU_0005,129,122.92836754682035
2025-12-08,SKU_0005,150,129.2907483969958
2025-12-15,SKU_0005,183,185.75559320359233
2025-12-22,SKU_0005,192,182.47195152161456
2025-12-29,SKU_0005,68,138.30739947957045
2025-10-13,SKU_0006,84,75.79184467109052
2025-10-20,SKU_0006,102,108.15892412326613
2025-10-27,SKU_0006,98,113.87940127112768
2025-11-03,SKU_0006,97,99.79712015388463
2025-11-10,SKU_0006,66,88.56063621669975
2025-11-17,SKU_0006,85,79.78612531755331
2025-11-24,SKU_0006,97,82.18501580775839
2025-12-01,SKU_0006,103,93.385074373694
2025-12-08,SKU_0006,99,97.10288907197825
2025-12-15,SKU_0006,120,136.00684887279138
2025-12-22,SKU_0006,115,137.46954751144196
2025-12-29,SKU_0006,30,94.91596626515407
2025-10-13,SKU_0007,136,139.191613919664
2025-10-20,SKU_0007,205,192.377585037059
2025-10-27,SKU_0007,208,232.70646201408408
2025-11-03,SKU_0007,175,183.91032262708916
2025-11-10,SKU_0007,132,155.44518579995028
2025-11-17,SKU_0007,162,144.6792692125317
2025-11-24,SKU_0007,159,167.69346030826597
2025-12-01,SKU_0007,216,167.71588984794718
2025-12-08,SKU_0007,173,183.87537294483107
2025-12-15,SKU_0007,248,270.936302242316
2025-12-22,SKU_0007,218,275.9288481225942
2025-12-29,SKU_0007,124,191.64341721911927
2025-10-13,SKU_0008,66,69.60173463999904
2025-10-20,SKU_0008,115,90.94675304106508
2025-10-27,SKU_0008,108,119.39219934418298
2025-11-03,SKU_0008,65,94.91569938103102
2025-11-10,SKU_0008,67,74.32601686260057
2025-11-17,SKU_0008,69,72.61703350085092
2025-11-24,SKU_0008,55,73.92370193167125
2025-12-01,SKU_0008,82,70.7118873380751
2025-12-08,SKU_0008,90,80.65064481145424
2025-12-15,SKU_0008,140,120.88634622529904
2025-12-22,SKU_0008,137,127.95569064226316
2025-12-29,SKU_0008,52,94.47821322092837
2025-10-13,SKU_0009,11,17.55877273745305
2025-10-20,SKU_0009,21,22.06033797202792
2025-10-27,SKU_0009,14,22.454988490364112
2025-11-03,SKU_0009,17,16.872145871099274
2025-11-10,SKU_0009,20,13.660595788184564
2025-11-17,SKU_0009,10,14.986881370770961
2025-11-24,SKU_0009,12,13.615593478124252
2025-12-01,SKU_0009,14,18.314502519080587
2025-12-08,SKU_0009,19,17.343457362299805
2025-12-15,SKU_0009,26,22.823313029510178
2025-12-22,SKU_0009,20,22.380887472668487
2025-12-29,SKU_0009,14,17.67105580587147
2025-10-13,SKU_0010,123,121.08796940296672
2025-10-20,SKU_0010,189,171.4582950081441
2025-10-27,SKU_0010,220,187.8605121168598
2025-11-03,SKU_0010,159,160.6883823992408
2025-11-10,SKU_0010,163,137.74704757638528
2025-11-17,SKU_0010,153,137.83028253460685
2025-11-24,SKU_0010,142,148.10353626848686
2025-12-01,SKU_0010,157,156.46048183651553
2025-12-08,SKU_0010,165,168.6471626450074
2025-12-15,SKU_0010,235,235.5062549087265
2025-12-22,SKU_0010,218,242.55674886640955
2025-12-29,SKU_0010,58,160.66716400811373
2025-10-13,SKU_0011,24,22.878370364557195
2025-10-20,SKU_0011,30,31.08853949841924
2025-10-27,SKU_0011,25,35.427057748722355
2025-11-03,SKU_0011,27,27.3539102341887
2025-11-10,SKU_0011,27,23.107485975732494
2025-11-17,SKU_0011,23,25.38539890129056
2025-11-24,SKU_0011,31,23.962194624100604
2025-12-01,SKU_0011,36,29.456922173028833
2025-12-08,SKU_0011,40,32.46051332081506
2025-12-15,SKU_0011,37,49.279550100795916
2025-12-22,SKU_0011,39,48.57516266626513
2025-12-29,SKU_0011,13,34.508295917269365
2025-10-13,SKU_0012,108,123.980517686319
2025-10-20,SKU_0012,172,161.15829375078246
2025-10-27,SKU_0012,171,186.9402056793583
2025-11-03,SKU_0012,169,147.9634179081283
2025-11-10,SKU_0012,144,139.85653457446475
2025-11-17,SKU_0012,169,138.50748721830897
2025-11-24,SKU_0012,118,148.15897700495623
2025-12-01,SKU_0012,149,150.30666859903482
2025-12-08,SKU_0012,188,143.38110519897498
2025-12-15,SKU_0012,203,238.96298643500597
2025-12-22,SKU_0012,190,219.76288711968544
2025-12-29,SKU_0012,59,160.66799379688868
2025-10-13,SKU_0013,43,50.3431440331256
2025-10-20,SKU_0013,64,67.9648124212863
2025-10-27,SKU_0013,73,73.75600017556063
2025-11-03,SKU_0013,84,64.40721823727056
2025-11-10,SKU_0013,70,59.61287917751754
2025-11-17,SKU_0013,50,62.20287752934573
2025-11-24,SKU_0013,45,57.418584848299645
2025-12-01,SKU_0013,63,60.9964276503075
2025-12-08,SKU_0013,58,61.60576862829506
2025-12-15,SKU_0013,83,82.72385584461475
2025-12-22,SKU_0013,92,82.924617715124
2025-12-29,SKU_0013,34,64.88933867507242
2025-10-13,SKU_0014,128,136.12714256375506
2025-10-20,SKU_0014,200,190.55596263280094
2025-10-27,SKU_0014,194,208.21249202801508
2025-11-03,SKU_0014,191,162.87767242274245
2025-11-10,SKU_0014,146,152.17691733338782
2025-11-17,SKU_0014,158,149.848177119638
2025-11-24,SKU_0014,156,155.60107193998223
2025-12-01,SKU_0014,156,172.04178085848497
2025-12-08,SKU_0014,156,172.18665224024923
2025-12-15,SKU_0014,222,228.49860942286145
2025-12-22,SKU_0014,232,241.1462836035202
2025-12-29,SKU_0014,87,171.0804519000867
2025-10-13,SKU_0015,184,186.31355512030473
2025-10-20,SKU_0015,255,249.87337727261513
2025-10-27,SKU_0015,271,274.67053833289424
2025-11-03,SKU_0015,188,241.34040910186738
2025-11-10,SKU_0015,192,196.01274755267187
2025-11-17,SKU_0015,197,198.0254225740209
2025-11-24,SKU_0015,189,198.68043173312773
2025-12-01,SKU_0015,225,193.19451507574036
2025-12-08,SKU_0015,238,229.65576460864045
2025-12-15,SKU_0015,360,320.22213267826993
2025-12-22,SKU_0015,295,330.2546230911875
2025-12-29,SKU_0015,124,250.04180516606104
2025-10-13,SKU_0016,98,93.07825649113614
2025-10-20,SKU_0016,132,130.04796581934934
2025-10-27,SKU_0016,129,144.9870437922138
2025-11-03,SKU_0016,106,118.74046055056517
2025-11-10,SKU_0016,81,103.42678868905857
2025-11-17,SKU_0016,86,97.56842216466254
2025-11-24,SKU_0016,116,98.19712023134295
2025-12-01,SKU_0016,114,109.80791786188999
2025-12-08,SKU_0016,106,119.22502693187312
2025-12-15,SKU_0016,190,162.42887850640457
2025-12-22,SKU_0016,167,164.84794399918943
2025-12-29,SKU_0016,60,128.24351520498217
2025-10-13,SKU_0017,50,51.51671187996411
2025-10-20,SKU_0017,71,72.49894362686304
2025-10-27,SKU_0017,78,80.43088348861932
2025-11-03,SKU_0017,77,68.1292752297858
2025-11-10,SKU_0017,61,62.97247179577889
2025-11-17,SKU_0017,60,62.53937810092151
2025-11-24,SKU_0017,47,60.64633220735361
2025-12-01,SKU_0017,67,60.252431679433116
2025-12-08,SKU_0017,65,62.46538467907289
2025-12-15,SKU_0017,78,87.28778110699024
2025-12-22,SKU_0017,117,86.28858474316178
2025-12-29,SKU_0017,44,68.46038330385271
2025-10-13,SKU_0018,62,71.23445215634727
2025-10-20,SKU_0018,100,96.97930616152618
2025-10-27,SKU_0018,99,111.35983641774746
2025-11-03,SKU_0018,77,92.13327008762677
2025-11-10,SKU_0018,96,76.60062891894395
2025-11-17,SKU_0018,98,85.31065562872709
2025-11-24,SKU_0018,54,85.65936956940938
2025-12-01,SKU_0018,77,83.73037524057622
2025-12-08,SKU_0018,95,89.11394798634112
2025-12-15,SKU_0018,140,127.75657370485825
2025-12-22,SKU_0018,154,127.31903093717801
2025-12-29,SKU_0018,55,105.71552199767223
2025-10-13,SKU_0019,134,149.026328701614
2025-10-20,SKU_0019,207,202.3586210533308
2025-10-27,SKU_0019,262,227.07455405244602
2025-11-03,SKU_0019,191,194.6196054004038
2025-11-10,SKU_0019,192,163.64813474611668
2025-11-17,SKU_0019,204,169.30738274902063
2025-11-24,SKU_0019,178,179.41734917896116
2025-12-01,SKU_0019,181,193.3623086776215
2025-12-08,SKU_0019,187,192.5455051444312
2025-12-15,SKU_0019,295,274.9819704613045
2025-12-22,SKU_0019,334,298.4401816308498
2025-12-29,SKU_0019,97,203.68140705659886
2025-10-13,SKU_0020,88,74.58243670662783
2025-10-20,SKU_0020,130,108.85015710478048
2025-10-27,SKU_0020,111,124.6916864917342
2025-11-03,SKU_0020,119,106.8656922502049
2025-11-10,SKU_0020,90,96.9562641324946
2025-11-17,SKU_0020,71,95.25633003584302
2025-11-24,SKU_0020,82,87.65379992126248
2025-12-01,SKU_0020,90,95.47678941619198
2025-12-08,SKU_0020,83,91.80029424477834
2025-12-15,SKU_0020,142,129.47104862022255
2025-12-22,SKU_0020,156,138.77934581042382
2025-12-29,SKU_0020,48,113.77079121899264
2025-10-13,SKU_0021,55,44.764798389786776
2025-10-20,SKU_0021,73,71.15346736386284
2025-10-27,SKU_0021,60,75.46521422359
2025-11-03,SKU_0021,71,60.976890760537806
2025-11-10,SKU_0021,47,56.583687872932224
2025-11-17,SKU_0021,42,49.67718851432823
2025-11-24,SKU_0021,54,49.90098673955626
2025-12-01,SKU_0021,42,56.54298406572868
2025-12-08,SKU_0021,46,52.42339522613632
2025-12-15,SKU_0021,58,74.1504993522018
2025-12-22,SKU_0021,81,76.09874740426096
2025-12-29,SKU_0021,42,47.1759999804075
2025-10-13,SKU_0022,12,20.39573090681577
2025-10-20,SKU_0022,15,23.974383737014346
2025-10-27,SKU_0022,33,23.370301730664153
2025-11-03,SKU_0022,30,23.074412512570134
2025-11-10,SKU_0022,24,22.639223635969945
2025-11-17,SKU_0022,23,21.84972085342928
2025-11-24,SKU_0022,19,23.231782439639307
2025-12-01,SKU_0022,18,23.904542236957663
2025-12-08,SKU_0022,31,22.539043048284213
2025-12-15,SKU_0022,30,34.94235176601541
2025-12-22,SKU_0022,40,33.41519951638502
2025-12-29,SKU_0022,22,29.2048889900324
2025-10-13,SKU_0023,317,319.10994583232406
2025-10-20,SKU_0023,469,435.20708310436964
2025-10-27,SKU_0023,510,469.12836537327496
2025-11-03,SKU_0023,428,391.62141137601384
2025-11-10,SKU_0023,334,350.25802906249487
2025-11-17,SKU_0023,398,333.80229081132524
2025-11-24,SKU_0023,337,406.92977911901477
2025-12-01,SKU_0023,427,386.865273408575
2025-12-08,SKU_0023,425,421.48978502790294
2025-12-15,SKU_0023,675,636.010558888656
2025-12-22,SKU_0023,633,615.0799615181764
2025-12-29,SKU_0023,222,396.4471502982762
2025-10-13,SKU_0024,53,51.00183123673871
2025-10-20,SKU_0024,86,70.32366998341485
2025-10-27,SKU_0024,75,81.98882374216433
2025-11-03,SKU_0024,64,69.22087460933133
2025-11-10,SKU_0024,65,63.48501741027609
2025-11-17,SKU_0024,54,62.075038440432635
2025-11-24,SKU_0024,62,59.10692058201845
2025-12-01,SKU_0024,74,64.1730334611834
2025-12-08,SKU_0024,62,69.0312211656079
2025-12-15,SKU_0024,115,89.02685745754368
2025-12-22,SKU_0024,103,114.68399455802377
2025-12-29,SKU_0024,38,64.66890890502836
2025-10-13,SKU_0025,153,125.3338364139875
2025-10-20,SKU_0025,207,189.4948434618466
2025-10-27,SKU_0025,220,224.6175268672358
2025-11-03,SKU_0025,180,172.12196754764216
2025-11-10,SKU_0025,160,153.77721810549187
2025-11-17,SKU_0025,141,160.17266077138711
2025-11-24,SKU_0025,154,151.81581887922576
2025-12-01,SKU_0025,201,161.37187859375604
2025-12-08,SKU_0025,171,179.10890659998424
2025-12-15,SKU_0025,249,254.01610123317255
2025-12-22,SKU_0025,255,276.39466119524616
2025-12-29,SKU_0025,120,173.34446447904276
2025-10-13,SKU_0026,120,127.78996641949965
2025-10-20,SKU_0026,187,185.48926498069056
2025-10-27,SKU_0026,175,196.72133188316923
2025-11-03,SKU_0026,147,158.67634524615312
2025-11-10,SKU_0026,135,143.05388423206546
2025-11-17,SKU_0026,146,138.07586468233467
2025-11-24,SKU_0026,162,140.38279463374295
2025-12-01,SKU_0026,162,152.97089433464126
2025-12-08,SKU_0026,153,161.30377282576302
2025-12-15,SKU_0026,281,234.05714553230248
2025-12-22,SKU_0026,194,241.59239895718912
2025-12-29,SKU_0026,94,168.92454529698423
2025-10-13,SKU_0027,39,46.319666660777095
2025-10-20,SKU_0027,78,65.70744500430541
2025-10-27,SKU_0027,76,73.36295023278042
2025-11-03,SKU_0027,68,64.18538304734963
2025-11-10,SKU_0027,49,55.254387098826726
2025-11-17,SKU_0027,64,55.889281116504485
2025-11-24,SKU_0027,35,57.40842014401436
2025-12-01,SKU_0027,76,50.860739412451885
2025-12-08,SKU_0027,53,61.364879618357456
2025-12-15,SKU_0027,104,83.81147425351463
2025-12-22,SKU_0027,105,93.12688673559832
2025-12-29,SKU_0027,37,62.504851450188205
2025-10-13,SKU_0028,185,169.97454240312834
2025-10-20,SKU_0028,265,233.98226391404987
2025-10-27,SKU_0028,316,264.7542828908129
2025-11-03,SKU_0028,246,226.39913148634182
2025-11-10,SKU_0028,189,197.66761020574666
2025-11-17,SKU_0028,205,197.1157718073153
2025-11-24,SKU_0028,188,208.8091870742303
2025-12-01,SKU_0028,189,201.81339963966244
2025-12-08,SKU_0028,215,217.62313392848398
2025-12-15,SKU_0028,272,320.2307937248756
2025-12-22,SKU_0028,329,314.86751012874925
2025-12-29,SKU_0028,119,214.54065989079552
2025-10-13,SKU_0029,307,256.4377122792244
2025-10-20,SKU_0029,352,377.4274266778159
2025-10-27,SKU_0029,391,366.2857749845852
2025-11-03,SKU_0029,343,352.12234436126084
2025-11-10,SKU_0029,337,297.38776637191535
2025-11-17,SKU_0029,319,292.0771994674051
2025-11-24,SKU_0029,261,301.40944308979977
2025-12-01,SKU_0029,378,339.0620116074253
2025-12-08,SKU_0029,299,356.2910003818546
2025-12-15,SKU_0029,470,531.5996128232961
2025-12-22,SKU_0029,506,408.2022773185427
2025-12-29,SKU_0029,156,335.37826902646754
2025-10-13,SKU_0030,54,53.407540831978864
2025-10-20,SKU_0030,89,78.19975524479969
2025-10-27,SKU_0030,76,85.47505373368011
2025-11-03,SKU_0030,69,74.48446318106221
2025-11-10,SKU_0030,69,64.84777166854654
2025-11-17,SKU_0030,63,69.82226470929395
2025-11-24,SKU_0030,57,63.06268163083638
2025-12-01,SKU_0030,79,64.61081307457616
2025-12-08,SKU_0030,84,72.46220119291608
2025-12-15,SKU_0030,117,104.23486727441261
2025-12-22,SKU_0030,100,119.22922526620755
2025-12-29,SKU_0030,40,72.01069857236304
2025-10-13,SKU_0031,97,112.07228207192377
2025-10-20,SKU_0031,162,140.55919489291392
2025-10-27,SKU_0031,207,167.28464206511563
2025-11-03,SKU_0031,154,155.72901196439506
2025-11-10,SKU_0031,130,128.22368267847952
2025-11-17,SKU_0031,116,130.2486811225086
2025-11-24,SKU_0031,142,127.58407628376456
2025-12-01,SKU_0031,144,134.9065773437308
2025-12-08,SKU_0031,131,137.1081241895959
2025-12-15,SKU_0031,178,188.0358981715429
2025-12-22,SKU_0031,221,219.33307002654027
2025-12-29,SKU_0031,88,144.41401240083403
2025-10-13,SKU_0032,257,237.1311201160192
2025-10-20,SKU_0032,290,319.56049821375467
2025-10-27,SKU_0032,365,366.7676165004076
2025-11-03,SKU_0032,258,311.9047920993142
2025-11-10,SKU_0032,307,257.25342369607597
2025-11-17,SKU_0032,292,282.9568334029642
2025-11-24,SKU_0032,255,284.3700693277059
2025-12-01,SKU_0032,290,271.2006909112171
2025-12-08,SKU_0032,250,317.54356680012336
2025-12-15,SKU_0032,406,411.7543343695562
2025-12-22,SKU_0032,401,416.64368404878263
2025-12-29,SKU_0032,160,288.81222671177323
2025-10-13,SKU_0033,87,94.32427024770804
2025-10-20,SKU_0033,146,127.69388948736939
2025-10-27,SKU_0033,181,151.05793791962694
2025-11-03,SKU_0033,110,131.24161299888863
2025-11-10,SKU_0033,124,105.26436588283124
2025-11-17,SKU_0033,110,121.48470523379952
2025-11-24,SKU_0033,132,107.79848817433171
2025-12-01,SKU_0033,98,121.80069138112518
2025-12-08,SKU_0033,109,119.50106941562615
2025-12-15,SKU_0033,171,167.2512667805842
2025-12-22,SKU_0033,193,176.87652093607278
2025-12-29,SKU_0033,63,121.99677151218701
2025-10-13,SKU_0034,288,248.26548515058653
2025-10-20,SKU_0034,487,350.44195089054506
2025-10-27,SKU_0034,419,401.03717676524445
2025-11-03,SKU_0034,334,376.96304778213977
2025-11-10,SKU_0034,316,300.4838983295942
2025-11-17,SKU_0034,297,327.5259783005515
2025-11-24,SKU_0034,263,340.75908967141345
2025-12-01,SKU_0034,304,320.47100740838795
2025-12-08,SKU_0034,367,354.26255734563875
2025-12-15,SKU_0034,495,490.0303911333429
2025-12-22,SKU_0034,456,425.38140452957805
2025-12-29,SKU_0034,160,339.5007527201756
2025-10-13,SKU_0035,101,120.98489115432959
2025-10-20,SKU_0035,196,151.63850000605262
2025-10-27,SKU_0035,184,183.57895730442195
2025-11-03,SKU_0035,141,159.43311834149543
2025-11-10,SKU_0035,126,126.74677135423588
2025-11-17,SKU_0035,116,129.3692719136513
2025-11-24,SKU_0035,135,126.68693423568152
2025-12-01,SKU_0035,142,137.66788740954075
2025-12-08,SKU_0035,134,140.296680959251
2025-12-15,SKU_0035,236,196.02355516452025
2025-12-22,SKU_0035,236,229.70526579219455
2025-12-29,SKU_0035,71,142.6466477895847
2025-10-13,SKU_0036,219,206.81019632552326
2025-10-20,SKU_0036,343,292.38305116462107
2025-10-27,SKU_0036,336,322.9617040791602
2025-11-03,SKU_0036,256,287.50283124446185
2025-11-10,SKU_0036,263,233.84759206982713
2025-11-17,SKU_0036,256,250.80919324592193
2025-11-24,SKU_0036,244,244.40184370841342
2025-12-01,SKU_0036,295,275.5271431702225
2025-12-08,SKU_0036,238,273.0979625869084
2025-12-15,SKU_0036,438,377.36971150328947
2025-12-22,SKU_0036,418,385.14669973980597
2025-12-29,SKU_0036,123,291.95600859673544
2025-10-13,SKU_0037,142,141.41997543318178
2025-10-20,SKU_0037,208,201.82917217808603
2025-10-27,SKU_0037,212,226.82743096887194
2025-11-03,SKU_0037,175,180.03487357766264
2025-11-10,SKU_0037,161,164.4922683076241
2025-11-17,SKU_0037,141,164.23503303193047
2025-11-24,SKU_0037,153,150.96541151231233
2025-12-01,SKU_0037,189,159.04534516456374
2025-12-08,SKU_0037,190,187.95439753085336
2025-12-15,SKU_0037,316,262.9810932176632
2025-12-22,SKU_0037,298,270.879280990077
2025-12-29,SKU_0037,107,200.4182388733759
2025-10-13,SKU_0038,58,70.98927103683143
2025-10-20,SKU_0038,95,89.61360450472185
2025-10-27,SKU_0038,108,101.40174245833575
2025-11-03,SKU_0038,101,91.01878624414805
2025-11-10,SKU_0038,79,82.6070043621826
2025-11-17,SKU_0038,86,83.96388569561414
2025-11-24,SKU_0038,74,81.77243524392927
2025-12-01,SKU_0038,84,86.10376613082363
2025-12-08,SKU_0038,95,91.23031427657915
2025-12-15,SKU_0038,149,129.42984264388545
2025-12-22,SKU_0038,131,143.99515992669816
2025-12-29,SKU_0038,59,101.32109797305347
2025-10-13,SKU_0039,163,174.44378241069612
2025-10-20,SKU_0039,236,236.99461786960285
2025-10-27,SKU_0039,255,245.15986857328346
2025-11-03,SKU_0039,234,208.52774270296814
2025-11-10,SKU_0039,213,185.99160679673477
2025-11-17,SKU_0039,197,204.26831961421323
2025-11-24,SKU_0039,165,193.76248371970823
2025-12-01,SKU_0039,203,205.41500812245351
2025-12-08,SKU_0039,272,213.50644713486895
2025-12-15,SKU_0039,302,324.2968580857097
2025-12-22,SKU_0039,354,331.5304374613089
2025-12-29,SKU_0039,76,234.49839418252606
2025-10-13,SKU_0040,215,214.74449935519573
2025-10-20,SKU_0040,317,321.74082802739383
2025-10-27,SKU_0040,319,330.2003660546251
2025-11-03,SKU_0040,367,281.24238489482843
2025-11-10,SKU_0040,228,261.54567909722937
2025-11-17,SKU_0040,262,242.77766947115296
2025-11-24,SKU_0040,250,260.4077375665818
2025-12-01,SKU_0040,266,259.7766876019963
2025-12-08,SKU_0040,290,265.3718029213526
2025-12-15,SKU_0040,405,390.16083323503284
2025-12-22,SKU_0040,447,388.29750613663697
2025-12-29,SKU_0040,123,302.6189054262022
2025-10-13,SKU_0041,167,171.2486253951524
2025-10-20,SKU_0041,261,243.19573567677918
2025-10-27,SKU_0041,272,268.228212141647
2025-11-03,SKU_0041,280,222.2918149315656
2025-11-10,SKU_0041,208,199.90341413267143
2025-11-17,SKU_0041,185,213.4836387307509
2025-11-24,SKU_0041,187,201.7880222583496
2025-12-01,SKU_0041,220,201.91227960725027
2025-12-08,SKU_0041,214,223.3862456154972
2025-12-15,SKU_0041,309,319.624535299826
2025-12-22,SKU_0041,336,324.0093826197423
2025-12-29,SKU_0041,131,232.8615349069609
2025-10-13,SKU_0042,47,58.951033321327024
2025-10-20,SKU_0042,76,74.45168779566023
2025-10-27,SKU_0042,84,82.3844015888057
2025-11-03,SKU_0042,70,71.18427172255014
2025-11-10,SKU_0042,51,63.61450994209631
2025-11-17,SKU_0042,60,61.59784524175253
2025-11-24,SKU_0042,61,61.40436645694777
2025-12-01,SKU_0042,57,63.18965334653022
2025-12-08,SKU_0042,75,62.56100613081249
2025-12-15,SKU_0042,92,90.49770850312532
2025-12-22,SKU_0042,136,98.27594455334196
2025-12-29,SKU_0042,38,65.62565987808
2025-10-13,SKU_0043,46,50.66538588554089
2025-10-20,SKU_0043,73,70.49478769220511
2025-10-27,SKU_0043,62,79.30397044129106
2025-11-03,SKU_0043,60,63.55632641376295
2025-11-10,SKU_0043,54,55.74386356476002
2025-11-17,SKU_0043,46,56.221090386799794
2025-11-24,SKU_0043,54,51.64043932781375
2025-12-01,SKU_0043,67,60.2693168638414
2025-12-08,SKU_0043,62,60.34033789727327
2025-12-15,SKU_0043,107,84.39186136923676
2025-12-22,SKU_0043,108,99.34956312706481
2025-12-29,SKU_0043,40,61.68427330831301
2025-10-13,SKU_0044,20,17.60514761016645
2025-10-20,SKU_0044,35,23.684612815060547
2025-10-27,SKU_0044,24,30.918883715825686
2025-11-03,SKU_0044,26,25.36898282359137
2025-11-10,SKU_0044,14,21.991265279879304
2025-11-17,SKU_0044,18,18.628530267752847
2025-11-24,SKU_0044,20,17.110686701493957
2025-12-01,SKU_0044,19,21.68673104128966
2025-12-08,SKU_0044,17,20.550131276385073
2025-12-15,SKU_0044,36,27.39465975518092
2025-12-22,SKU_0044,29,29.84307901763269
2025-12-29,SKU_0044,13,24.75055532877453
2025-10-13,SKU_0045,639,694.2356239706661
2025-10-20,SKU_0045,970,774.7468056779084
2025-10-27,SKU_0045,923,933.742989509409
2025-11-03,SKU_0045,1002,814.1633925283077
2025-11-10,SKU_0045,751,655.2274633531484
2025-11-17,SKU_0045,749,697.7080260428277
2025-11-24,SKU_0045,807,729.0215934881618
2025-12-01,SKU_0045,860,849.6071319169262
2025-12-08,SKU_0045,800,745.192038385115
2025-12-15,SKU_0045,1171,917.9910125080604
2025-12-22,SKU_0045,1261,971.7926632402338
2025-12-29,SKU_0045,609,816.5243215055544
2025-10-13,SKU_0046,6,11.304081291254452
2025-10-20,SKU_0046,8,15.672603497141585
2025-10-27,SKU_0046,6,15.032333354715012
2025-11-03,SKU_0046,6,10.349435473891463
2025-11-10,SKU_0046,11,7.059042263158331
2025-11-17,SKU_0046,13,7.206239022341392
2025-11-24,SKU_0046,5,7.4810000123371525
2025-12-01,SKU_0046,6,11.576739552673372
2025-12-08,SKU_0046,9,11.6638256701312
2025-12-15,SKU_0046,14,16.183982136097185
2025-12-22,SKU_0046,23,11.545073327717226
2025-12-29,SKU_0046,5,13.851126036248857
2025-10-13,SKU_0047,69,76.11089852877085
2025-10-20,SKU_0047,104,98.71793050620828
2025-10-27,SKU_0047,97,112.59425747081497
2025-11-03,SKU_0047,110,93.41782603763612
2025-11-10,SKU_0047,80,83.98943085893384
2025-11-17,SKU_0047,84,85.32165226397167
2025-11-24,SKU_0047,61,84.27625349033814
2025-12-01,SKU_0047,84,83.543756933807
2025-12-08,SKU_0047,79,88.17700348238432
2025-12-15,SKU_0047,144,120.18401088318691
2025-12-22,SKU_0047,137,136.3682433996218
2025-12-29,SKU_0047,53,93.5072799987225
2025-10-13,SKU_0048,456,455.87566147078263
2025-10-20,SKU_0048,509,535.2848037710156
2025-10-27,SKU_0048,665,609.8025065132548
2025-11-03,SKU_0048,508,519.8023293167253
2025-11-10,SKU_0048,544,417.0592024840492
2025-11-17,SKU_0048,479,428.6099102549344
2025-11-24,SKU_0048,503,667.011226020679
2025-12-01,SKU_0048,523,475.5369587902517
2025-12-08,SKU_0048,531,520.2325031102595
2025-12-15,SKU_0048,809,757.576956663801
2025-12-22,SKU_0048,789,740.8838599628546
2025-12-29,SKU_0048,298,600.4050135537764
2025-10-13,SKU_0049,82,73.38093921539804
2025-10-20,SKU_0049,108,104.16476053129037
2025-10-27,SKU_0049,99,117.13935474909874
2025-11-03,SKU_0049,114,92.7170880100867
2025-11-10,SKU_0049,89,92.20513962162889
2025-11-17,SKU_0049,81,88.84614743310036
2025-11-24,SKU_0049,87,88.21729406949383
2025-12-01,SKU_0049,97,95.58639564359683
2025-12-08,SKU_0049,95,96.39928046952917
2025-12-15,SKU_0049,147,132.09045551117524
2025-12-22,SKU_0049,147,151.72715425677126
2025-12-29,SKU_0049,46,113.66526803309172
2025-10-13,SKU_0050,118,122.81888773026702
2025-10-20,SKU_0050,190,172.7516303779474
2025-10-27,SKU_0050,180,189.22586993397096
2025-11-03,SKU_0050,153,160.39186889777537
2025-11-10,SKU_0050,181,136.71585445323137
2025-11-17,SKU_0050,119,141.09780783202555
2025-11-24,SKU_0050,158,135.43514340764602
2025-12-01,SKU_0050,185,162.98547835595167
2025-12-08,SKU_0050,141,177.40338584943552
2025-12-15,SKU_0050,271,212.37672108005714
2025-12-22,SKU_0050,261,243.71053686600422
2025-12-29,SKU_0050,81,174.16497333058055
2025-10-13,SKU_0051,80,97.43676153674733
2025-10-20,SKU_0051,121,127.61081569622513
2025-10-27,SKU_0051,111,137.01794363089536
2025-11-03,SKU_0051,135,118.0066322979396
2025-11-10,SKU_0051,106,100.69661562830494
2025-11-17,SKU_0051,105,109.13845995495652
2025-11-24,SKU_0051,102,109.18038143904313
2025-12-01,SKU_0051,114,116.31478462689675
2025-12-08,SKU_0051,100,115.13898413822987
2025-12-15,SKU_0051,151,157.51678713340254
2025-12-22,SKU_0051,183,161.05332879423497
2025-12-29,SKU_0051,74,126.38841413206038
2025-10-13,SKU_0052,379,326.9296032474846
2025-10-20,SKU_0052,493,461.0933464681005
2025-10-27,SKU_0052,501,514.5654159827837
2025-11-03,SKU_0052,500,471.96141262284914
2025-11-10,SKU_0052,378,390.58623648784675
2025-11-17,SKU_0052,371,463.5283465101805
2025-11-24,SKU_0052,403,414.63162510292307
2025-12-01,SKU_0052,450,454.46394697498886
2025-12-08,SKU_0052,443,478.08508781939685
2025-12-15,SKU_0052,670,662.4131122876406
2025-12-22,SKU_0052,648,661.8181689272571
2025-12-29,SKU_0052,298,546.9890050804975
2025-10-13,SKU_0053,89,102.90996465944288
2025-10-20,SKU_0053,114,139.8706316285732
2025-10-27,SKU_0053,148,153.4735221792864
2025-11-03,SKU_0053,152,132.36575203425537
2025-11-10,SKU_0053,103,110.70105035674385
2025-11-17,SKU_0053,107,108.16784686578411
2025-11-24,SKU_0053,105,112.5889839357806
2025-12-01,SKU_0053,131,125.33364922445436
2025-12-08,SKU_0053,116,117.65386153387063
2025-12-15,SKU_0053,215,176.57946405001334
2025-12-22,SKU_0053,234,193.23557028090374
2025-12-29,SKU_0053,58,142.05209058048786
2025-10-13,SKU_0054,137,133.22049057745406
2025-10-20,SKU_0054,242,179.45222082853388
2025-10-27,SKU_0054,223,230.63300902506006
2025-11-03,SKU_0054,187,173.99111545906462
2025-11-10,SKU_0054,134,162.12811950633662
2025-11-17,SKU_0054,179,138.49021133664704
2025-11-24,SKU_0054,149,156.68265359354464
2025-12-01,SKU_0054,135,178.1458885682285
2025-12-08,SKU_0054,158,159.92280198077836
2025-12-15,SKU_0054,254,263.96112891089354
2025-12-22,SKU_0054,276,250.79099913020266
2025-12-29,SKU_0054,64,169.66265729663397
2025-10-13,SKU_0055,48,43.36702043466106
2025-10-20,SKU_0055,60,66.84517674169703
2025-10-27,SKU_0055,75,68.99792744443081
2025-11-03,SKU_0055,54,61.385068295783036
2025-11-10,SKU_0055,55,53.376008289374326
2025-11-17,SKU_0055,62,52.76243105645591
2025-11-24,SKU_0055,61,56.35053757357548
2025-12-01,SKU_0055,52,59.25389178157387
2025-12-08,SKU_0055,64,57.26867428761685
2025-12-15,SKU_0055,66,82.45574336109142
2025-12-22,SKU_0055,75,80.03540849464761
2025-12-29,SKU_0055,43,49.698012928940194
2025-10-13,SKU_0056,96,91.32051988219574
2025-10-20,SKU_0056,120,124.36027320920472
2025-10-27,SKU_0056,173,143.60137094242063
2025-11-03,SKU_0056,117,126.28641416194714
2025-11-10,SKU_0056,99,109.72246988586201
2025-11-17,SKU_0056,98,107.00226690850427
2025-11-24,SKU_0056,105,105.86146751275619
2025-12-01,SKU_0056,88,109.88341689689292
2025-12-08,SKU_0056,131,101.70924403212466
2025-12-15,SKU_0056,160,163.55072890733888
2025-12-22,SKU_0056,194,165.6223873303939
2025-12-29,SKU_0056,63,117.43109334473881
2025-10-13,SKU_0057,83,85.72341396953102
2025-10-20,SKU_0057,98,115.46553817132562
2025-10-27,SKU_0057,131,121.26777683514882
2025-11-03,SKU_0057,118,107.54021193843202
2025-11-10,SKU_0057,92,94.0158478549755
2025-11-17,SKU_0057,94,94.30450752340133
2025-11-24,SKU_0057,97,96.90694772103932
2025-12-01,SKU_0057,98,107.84264888543365
2025-12-08,SKU_0057,113,99.72771426744431
2025-12-15,SKU_0057,168,153.96298876863625
2025-12-22,SKU_0057,135,158.02262778908604
2025-12-29,SKU_0057,43,125.29006276746678
2025-10-13,SKU_0058,38,33.900538896800455
2025-10-20,SKU_0058,35,48.51490056274133
2025-10-27,SKU_0058,64,49.39079938367732
2025-11-03,SKU_0058,46,45.26964686047929
2025-11-10,SKU_0058,36,41.25154951942008
2025-11-17,SKU_0058,46,38.65896158226478
2025-11-24,SKU_0058,37,39.65184207392298
2025-12-01,SKU_0058,46,42.93330044745934
2025-12-08,SKU_0058,34,43.91604956252641
2025-12-15,SKU_0058,72,60.90243237013927
2025-12-22,SKU_0058,69,67.30246128269549
2025-12-29,SKU_0058,33,43.8963580117071
2025-10-13,SKU_0059,235,204.41373261785478
2025-10-20,SKU_0059,294,314.3075075319336
2025-10-27,SKU_0059,248,325.774420602462
2025-11-03,SKU_0059,298,263.5152597125152
2025-11-10,SKU_0059,222,260.2428017675472
2025-11-17,SKU_0059,231,226.65402328520705
2025-11-24,SKU_0059,232,236.3460253764533
2025-12-01,SKU_0059,246,256.667047613647
2025-12-08,SKU_0059,260,253.44006319171234
2025-12-15,SKU_0059,436,385.4362396523073
2025-12-22,SKU_0059,379,347.8599649360053
2025-12-29,SKU_0059,181,280.88583832066075
2025-10-13,SKU_0060,26,25.699015068311926
2025-10-20,SKU_0060,38,32.90121741149531
2025-10-27,SKU_0060,44,38.90557027406305
2025-11-03,SKU_0060,34,36.615176244343814
2025-11-10,SKU_0060,23,33.30130335965721
2025-11-17,SKU_0060,20,27.508077339818016
2025-11-24,SKU_0060,36,24.887326064041183
2025-12-01,SKU_0060,31,32.47585398884626
2025-12-08,SKU_0060,43,33.59285534042083
2025-12-15,SKU_0060,60,50.156421879817614
2025-12-22,SKU_0060,68,60.4628127083993
2025-12-29,SKU_0060,16,40.39893114584848
2025-10-13,SKU_0061,57,56.94068480032846
2025-10-20,SKU_0061,78,77.87767188239873
2025-10-27,SKU_0061,81,86.26705251207716
2025-11-03,SKU_0061,76,76.83855356742409
2025-11-10,SKU_0061,66,65.79437541590394
2025-11-17,SKU_0061,75,66.45751352357784
2025-11-24,SKU_0061,60,69.9751750417514
2025-12-01,SKU_0061,86,68.6186673212366
2025-12-08,SKU_0061,64,76.30913631397704
2025-12-15,SKU_0061,134,103.37924185264541
2025-12-22,SKU_0061,106,114.63307359117078
2025-12-29,SKU_0061,46,82.76275113949904
2025-10-13,SKU_0062,158,184.24419946457627
2025-10-20,SKU_0062,267,245.87670221758617
2025-10-27,SKU_0062,285,302.39326440140013
2025-11-03,SKU_0062,221,247.04775913178335
2025-11-10,SKU_0062,238,195.32751537506707
2025-11-17,SKU_0062,214,222.18870681550936
2025-11-24,SKU_0062,230,229.64046935645862
2025-12-01,SKU_0062,224,238.49763994070324
2025-12-08,SKU_0062,256,253.08123157461958
2025-12-15,SKU_0062,384,335.3046628004394
2025-12-22,SKU_0062,350,358.2332024188992
2025-12-29,SKU_0062,148,252.82806553474842
2025-10-13,SKU_0063,40,48.977692077166644
2025-10-20,SKU_0063,64,66.01775710590161
2025-10-27,SKU_0063,91,71.81869646158876
2025-11-03,SKU_0063,67,64.76805777677463
2025-11-10,SKU_0063,50,58.33844996341913
2025-11-17,SKU_0063,33,55.79999529344725
2025-11-24,SKU_0063,46,47.89807683123239
2025-12-01,SKU_0063,74,51.54323035956756
2025-12-08,SKU_0063,60,60.62490868713746
2025-12-15,SKU_0063,121,84.91002861376803
2025-12-22,SKU_0063,100,114.75200285740728
2025-12-29,SKU_0063,31,64.59949925277317
2025-10-13,SKU_0064,106,95.56743578074179
2025-10-20,SKU_0064,149,132.96775426438006
2025-10-27,SKU_0064,153,167.54404520647395
2025-11-03,SKU_0064,130,132.20961459253894
2025-11-10,SKU_0064,119,111.03463135057432
2025-11-17,SKU_0064,112,116.02648441758664
2025-11-24,SKU_0064,113,111.08405180773842
2025-12-01,SKU_0064,133,121.10525417905397
2025-12-08,SKU_0064,129,140.616070111853
2025-12-15,SKU_0064,246,189.86066455167798
2025-12-22,SKU_0064,197,217.16232269960219
2025-12-29,SKU_0064,50,136.61350959871336
2025-10-13,SKU_0065,109,110.30047601726943
2025-10-20,SKU_0065,170,149.20756487615944
2025-10-27,SKU_0065,152,168.17846538174385
2025-11-03,SKU_0065,124,147.74060184662034
2025-11-10,SKU_0065,88,123.13407085374385
2025-11-17,SKU_0065,102,107.2326802682767
2025-11-24,SKU_0065,117,110.27882694571197
2025-12-01,SKU_0065,125,123.85986412748159
2025-12-08,SKU_0065,146,124.351178107085
2025-12-15,SKU_0065,196,196.55314338308702
2025-12-22,SKU_0065,172,191.52576806891693
2025-12-29,SKU_0065,76,130.59056517296384
2025-10-13,SKU_0066,271,246.09779250366114
2025-10-20,SKU_0066,373,379.12169957593466
2025-10-27,SKU_0066,393,369.7854986968761
2025-11-03,SKU_0066,353,351.9697065749571
2025-11-10,SKU_0066,273,301.6482122485535
2025-11-17,SKU_0066,284,283.94119573166313
2025-11-24,SKU_0066,295,296.8838128374391
2025-12-01,SKU_0066,278,339.6442849941963
2025-12-08,SKU_0066,323,326.7665783901785
2025-12-15,SKU_0066,455,443.13177722091035
2025-12-22,SKU_0066,446,455.65451735826093
2025-12-29,SKU_0066,222,316.2890722390391
2025-10-13,SKU_0067,202,182.57646848939635
2025-10-20,SKU_0067,294,259.5879831887251
2025-10-27,SKU_0067,242,294.0034989242236
2025-11-03,SKU_0067,360,238.70883571360923
2025-11-10,SKU_0067,228,249.26620700774816
2025-11-17,SKU_0067,197,223.52193617644426
2025-11-24,SKU_0067,213,211.79855867181067
2025-12-01,SKU_0067,273,224.923184416027
2025-12-08,SKU_0067,226,251.8299087456913
2025-12-15,SKU_0067,371,345.6361766925432
2025-12-22,SKU_0067,454,341.12695792335
2025-12-29,SKU_0067,125,268.15786305104814
2025-10-13,SKU_0068,167,163.61079905754036
2025-10-20,SKU_0068,197,219.62013081246673
2025-10-27,SKU_0068,292,221.98654047996152
2025-11-03,SKU_0068,188,220.8232442330818
2025-11-10,SKU_0068,178,178.52653634321567
2025-11-17,SKU_0068,161,176.8222746394483
2025-11-24,SKU_0068,147,179.11642197604806
2025-12-01,SKU_0068,164,188.3692428994315
2025-12-08,SKU_0068,202,196.41676896295704
2025-12-15,SKU_0068,334,257.73144359728957
2025-12-22,SKU_0068,350,305.39784279589355
2025-12-29,SKU_0068,135,207.74015332954605
2025-10-13,SKU_0069,94,85.74563928351228
2025-10-20,SKU_0069,143,121.37127410308001
2025-10-27,SKU_0069,135,143.5311645706441
2025-11-03,SKU_0069,117,116.82454664203644
2025-11-10,SKU_0069,117,101.94416777954746
2025-11-17,SKU_0069,91,107.74045584882118
2025-11-24,SKU_0069,89,99.41294240925664
2025-12-01,SKU_0069,126,107.97111821159567
2025-12-08,SKU_0069,142,110.93046939807658
2025-12-15,SKU_0069,189,175.53574158477687
2025-12-22,SKU_0069,179,177.4641452484418
2025-12-29,SKU_0069,76,130.50759536181704
2025-10-13,SKU_0070,27,33.87205849681241
2025-10-20,SKU_0070,46,41.91924867096416
2025-10-27,SKU_0070,45,44.34067045902624
2025-11-03,SKU_0070,59,44.626905486776025
2025-11-10,SKU_0070,35,43.73588458589148
2025-11-17,SKU_0070,31,40.76067705027694
2025-11-24,SKU_0070,31,35.22059398947594
2025-12-01,SKU_0070,46,40.09818234334302
2025-12-08,SKU_0070,34,41.97924277413453
2025-12-15,SKU_0070,53,56.884837640055075
2025-12-22,SKU_0070,58,56.93408510493007
2025-12-29,SKU_0070,23,41.58040923312505
2025-10-13,SKU_0071,148,147.57783808059403
2025-10-20,SKU_0071,224,213.270515129386
2025-10-27,SKU_0071,238,229.00192981527007
2025-11-03,SKU_0071,207,201.22260187386806
2025-11-10,SKU_0071,151,171.449312519208
2025-11-17,SKU_0071,162,171.20918331784387
2025-11-24,SKU_0071,181,180.0616270170453
2025-12-01,SKU_0071,197,178.31947178943312
2025-12-08,SKU_0071,171,183.3892890010674
2025-12-15,SKU_0071,250,269.0743522776455
2025-12-22,SKU_0071,311,284.94669370886
2025-12-29,SKU_0071,106,205.74814597843312
2025-10-13,SKU_0072,235,201.54594871365046
2025-10-20,SKU_0072,283,286.82646145255046
2025-10-27,SKU_0072,308,309.8988615670641
2025-11-03,SKU_0072,258,261.84653565066924
2025-11-10,SKU_0072,232,242.9343548464538
2025-11-17,SKU_0072,238,234.82430108393234
2025-11-24,SKU_0072,221,239.0541642661175
2025-12-01,SKU_0072,287,237.23078171921267
2025-12-08,SKU_0072,269,281.0617882556391
2025-12-15,SKU_0072,392,384.93786652370983
2025-12-22,SKU_0072,403,359.03455802180235
2025-12-29,SKU_0072,149,262.43351342368715
2025-10-13,SKU_0073,8,17.270699490959167
2025-10-20,SKU_0073,17,18.637850134109293
2025-10-27,SKU_0073,24,21.76758116758559
2025-11-03,SKU_0073,20,18.397107703757282
2025-11-10,SKU_0073,10,13.945670204809955
2025-11-17,SKU_0073,12,13.861683811426678
2025-11-24,SKU_0073,12,13.578318705989005
2025-12-01,SKU_0073,21,15.724993420498475
2025-12-08,SKU_0073,16,18.324069516092113
2025-12-15,SKU_0073,14,23.47029122349872
2025-12-22,SKU_0073,20,19.05430414461746
2025-12-29,SKU_0073,5,16.164695162334958
2025-10-13,SKU_0074,145,133.04168019658294
2025-10-20,SKU_0074,235,205.7761753956882
2025-10-27,SKU_0074,210,230.6206849483545
2025-11-03,SKU_0074,200,185.68151798913283
2025-11-10,SKU_0074,129,161.07334727588426
2025-11-17,SKU_0074,182,146.67287289716984
2025-11-24,SKU_0074,138,161.61140290802825
2025-12-01,SKU_0074,171,156.91158803552867
2025-12-08,SKU_0074,172,179.41892402916363
2025-12-15,SKU_0074,281,266.86413605307285
2025-12-22,SKU_0074,268,255.45479232405089
2025-12-29,SKU_0074,107,177.2700822118044
2025-10-13,SKU_0075,12,17.954081381407075
2025-10-20,SKU_0075,23,22.008429996532126
2025-10-27,SKU_0075,17,24.24832282521499
2025-11-03,SKU_0075,21,17.255230010079867
2025-11-10,SKU_0075,9,15.571275688113204
2025-11-17,SKU_0075,16,14.524050464042217
2025-11-24,SKU_0075,14,14.218918247437871
2025-12-01,SKU_0075,13,18.590791386300122
2025-12-08,SKU_0075,18,16.014352677622036
2025-12-15,SKU_0075,17,24.3907844094519
2025-12-22,SKU_0075,30,18.769663633835037
2025-12-29,SKU_0075,8,19.55248829126964
2025-10-13,SKU_0076,41,36.28680530295929
2025-10-20,SKU_0076,60,52.653912270706655
2025-10-27,SKU_0076,77,65.14298511722086
2025-11-03,SKU_0076,66,55.60277915452435
2025-11-10,SKU_0076,34,50.21442256943084
2025-11-17,SKU_0076,56,45.843794584248315
2025-11-24,SKU_0076,52,49.82476403445078
2025-12-01,SKU_0076,51,52.39064448125519
2025-12-08,SKU_0076,46,50.67530106043909
2025-12-15,SKU_0076,63,78.28859860741295
2025-12-22,SKU_0076,90,75.26816011476393
2025-12-29,SKU_0076,31,48.123872251700696
2025-10-13,SKU_0077,15,14.985042195277304
2025-10-20,SKU_0077,25,19.704241559805606
2025-10-27,SKU_0077,36,23.402593302369656
2025-11-03,SKU_0077,17,23.573566250093993
2025-11-10,SKU_0077,16,19.209854615668316
2025-11-17,SKU_0077,19,18.404636312307
2025-11-24,SKU_0077,19,17.39874305659798
2025-12-01,SKU_0077,21,19.913899248507928
2025-12-08,SKU_0077,19,21.52298592588175
2025-12-15,SKU_0077,32,28.24362056517437
2025-12-22,SKU_0077,26,30.779394463783273
2025-12-29,SKU_0077,12,22.95581553170539
2025-10-13,SKU_0078,62,56.25223275807596
2025-10-20,SKU_0078,104,78.40423865035683
2025-10-27,SKU_0078,74,93.6516042176419
2025-11-03,SKU_0078,74,78.92389156336235
2025-11-10,SKU_0078,60,69.11147766976316
2025-11-17,SKU_0078,73,66.27311983957304
2025-11-24,SKU_0078,55,66.39433144869767
2025-12-01,SKU_0078,77,68.17637411732892
2025-12-08,SKU_0078,65,72.7941345944759
2025-12-15,SKU_0078,120,98.97829066827724
2025-12-22,SKU_0078,105,115.22180405230948
2025-12-29,SKU_0078,38,71.24171003709397
2025-10-13,SKU_0079,115,114.07603708645496
2025-10-20,SKU_0079,144,162.71365223240971
2025-10-27,SKU_0079,162,178.27995733832458
2025-11-03,SKU_0079,135,148.6199583204611
2025-11-10,SKU_0079,109,127.59500301638978
2025-11-17,SKU_0079,124,120.7271914320859
2025-11-24,SKU_0079,127,129.45235982257367
2025-12-01,SKU_0079,121,132.44365324775282
2025-12-08,SKU_0079,156,136.4522632442685
2025-12-15,SKU_0079,212,195.7092284791563
2025-12-22,SKU_0079,185,215.77043822489173
2025-12-29,SKU_0079,76,139.16455133929165
2025-10-13,SKU_0080,131,142.9565244152645
2025-10-20,SKU_0080,227,200.06914509136817
2025-10-27,SKU_0080,216,233.24592046694278
2025-11-03,SKU_0080,226,186.17581881329758
2025-11-10,SKU_0080,157,174.11746709514793
2025-11-17,SKU_0080,146,166.1481376672187
2025-11-24,SKU_0080,198,169.2977503684886
2025-12-01,SKU_0080,203,183.54696836850562
2025-12-08,SKU_0080,180,187.9098829170559
2025-12-15,SKU_0080,305,262.8231602674037
2025-12-22,SKU_0080,288,289.4385495574081
2025-12-29,SKU_0080,76,208.2037572564574
2025-10-13,SKU_0081,202,209.37494267204028
2025-10-20,SKU_0081,306,286.5990696166961
2025-10-27,SKU_0081,329,325.98546597907256
2025-11-03,SKU_0081,278,264.23830802081045
2025-11-10,SKU_0081,249,229.3114117347147
2025-11-17,SKU_0081,194,232.7144180640216
2025-11-24,SKU_0081,239,210.62417163636093
2025-12-01,SKU_0081,265,248.26093515330285
2025-12-08,SKU_0081,264,270.187933748947
2025-12-15,SKU_0081,386,385.80364987043924
2025-12-22,SKU_0081,422,340.90531424929
2025-12-29,SKU_0081,126,259.7031949105092
2025-10-13,SKU_0082,44,43.76625512909856
2025-10-20,SKU_0082,69,64.96534344845458
2025-10-27,SKU_0082,68,71.80146442227547
2025-11-03,SKU_0082,47,57.521230058063125
2025-11-10,SKU_0082,43,46.914893601864065
2025-11-17,SKU_0082,39,47.82291884560393
2025-11-24,SKU_0082,57,45.46462510549955
2025-12-01,SKU_0082,47,52.2592548908389
2025-12-08,SKU_0082,63,52.998007772143495
2025-12-15,SKU_0082,88,79.00435181665866
2025-12-22,SKU_0082,67,82.76834650656166
2025-12-29,SKU_0082,31,48.06013394561819
2025-10-13,SKU_0083,60,61.55006052002312
2025-10-20,SKU_0083,110,85.1217331021257
2025-10-27,SKU_0083,102,101.83490003880289
2025-11-03,SKU_0083,76,86.40515468290819
2025-11-10,SKU_0083,68,71.664978742007
2025-11-17,SKU_0083,86,71.8262571946547
2025-11-24,SKU_0083,85,77.65944411958878
2025-12-01,SKU_0083,87,87.69505960395725
2025-12-08,SKU_0083,85,86.4889972842156
2025-12-15,SKU_0083,126,124.54025611574677
2025-12-22,SKU_0083,110,123.86886569296776
2025-12-29,SKU_0083,56,88.41710009586522
2025-10-13,SKU_0084,117,111.81553483455626
2025-10-20,SKU_0084,160,161.59240149265764
2025-10-27,SKU_0084,179,182.79518330564088
2025-11-03,SKU_0084,176,141.50524631042643
2025-11-10,SKU_0084,131,136.02511807178263
2025-11-17,SKU_0084,111,131.5105957316977
2025-11-24,SKU_0084,127,126.4440259635107
2025-12-01,SKU_0084,142,130.56628875643239
2025-12-08,SKU_0084,140,148.85564875808643
2025-12-15,SKU_0084,271,201.2441768977748
2025-12-22,SKU_0084,225,237.69300418249588
2025-12-29,SKU_0084,80,151.84290728474357
2025-10-13,SKU_0085,89,92.99765371880008
2025-10-20,SKU_0085,147,124.4121048046081
2025-10-27,SKU_0085,121,160.4981223558388
2025-11-03,SKU_0085,127,119.40378435937834
2025-11-10,SKU_0085,116,102.27251610428537
2025-11-17,SKU_0085,125,109.55852580433144
2025-11-24,SKU_0085,82,109.79252842947524
2025-12-01,SKU_0085,134,105.24867266043103
2025-12-08,SKU_0085,112,120.78401750519612
2025-12-15,SKU_0085,184,180.54911232340234
2025-12-22,SKU_0085,173,164.77050227673206
2025-12-29,SKU_0085,77,136.39854027916775
2025-10-13,SKU_0086,21,28.635122259678464
2025-10-20,SKU_0086,43,31.645181020483925
2025-10-27,SKU_0086,41,42.00651526588293
2025-11-03,SKU_0086,30,36.81759930279471
2025-11-10,SKU_0086,27,30.992738134925492
2025-11-17,SKU_0086,30,29.7042778043421
2025-11-24,SKU_0086,32,29.656921983089084
2025-12-01,SKU_0086,32,33.42709769732268
2025-12-08,SKU_0086,35,34.00062639702276
2025-12-15,SKU_0086,43,48.48353448681714
2025-12-22,SKU_0086,56,50.50750859439264
2025-12-29,SKU_0086,19,40.589787542534204
2025-10-13,SKU_0087,45,42.94960711232789
2025-10-20,SKU_0087,73,63.28801733610997
2025-10-27,SKU_0087,53,75.11858039565786
2025-11-03,SKU_0087,41,55.297639242146566
2025-11-10,SKU_0087,38,46.67198583545557
2025-11-17,SKU_0087,53,44.02519280878683
2025-11-24,SKU_0087,44,42.8907647071313
2025-12-01,SKU_0087,52,50.50020558605457
2025-12-08,SKU_0087,59,51.48103217405138
2025-12-15,SKU_0087,62,79.37729575753578
2025-12-22,SKU_0087,71,70.28429740895515
2025-12-29,SKU_0087,31,49.442530380891995
2025-10-13,SKU_0088,108,91.0837797184167
2025-10-20,SKU_0088,145,127.20845910577708
2025-10-27,SKU_0088,155,154.3873348240048
2025-11-03,SKU_0088,139,130.06547196546185
2025-11-10,SKU_0088,108,116.11996933752717
2025-11-17,SKU_0088,105,111.36938420096345
2025-11-24,SKU_0088,93,109.48612972952873
2025-12-01,SKU_0088,102,109.28599494287661
2025-12-08,SKU_0088,101,116.33504788125155
2025-12-15,SKU_0088,164,156.40244959827638
2025-12-22,SKU_0088,171,159.92743623973996
2025-12-29,SKU_0088,73,123.44058480124367
2025-10-13,SKU_0089,202,200.73195313608633
2025-10-20,SKU_0089,324,283.89174197465024
2025-10-27,SKU_0089,312,316.85897767363343
2025-11-03,SKU_0089,313,276.7116941621631
2025-11-10,SKU_0089,229,247.4043471785691
2025-11-17,SKU_0089,235,242.40915606843993
2025-11-24,SKU_0089,247,248.833295553161
2025-12-01,SKU_0089,292,262.22740749493386
2025-12-08,SKU_0089,310,285.96856612782864
2025-12-15,SKU_0089,379,390.54832832672406
2025-12-22,SKU_0089,377,374.6578555549382
2025-12-29,SKU_0089,158,294.64077425995197
2025-10-13,SKU_0090,109,112.88926533064509
2025-10-20,SKU_0090,204,155.59870896453134
2025-10-27,SKU_0090,185,181.9325391980269
2025-11-03,SKU_0090,123,152.3936693170546
2025-11-10,SKU_0090,136,128.82184750800238
2025-11-17,SKU_0090,129,133.3574687874804
2025-11-24,SKU_0090,111,126.56906629428474
2025-12-01,SKU_0090,127,134.59740957210192
2025-12-08,SKU_0090,138,131.21217669794848
2025-12-15,SKU_0090,204,193.6914910156704
2025-12-22,SKU_0090,221,206.9685438330362
2025-12-29,SKU_0090,124,136.4270684352067
2025-10-13,SKU_0091,147,127.46780265899085
2025-10-20,SKU_0091,211,203.14510876956098
2025-10-27,SKU_0091,221,220.45324140487537
2025-11-03,SKU_0091,201,176.0982336000042
2025-11-10,SKU_0091,161,156.81288470059698
2025-11-17,SKU_0091,155,167.01176140449235
2025-11-24,SKU_0091,148,156.7894491494095
2025-12-01,SKU_0091,171,178.68666122914792
2025-12-08,SKU_0091,134,170.11140849829042
2025-12-15,SKU_0091,242,218.37868022748316
2025-12-22,SKU_0091,268,248.98697012100274
2025-12-29,SKU_0091,88,171.76580423062285
2025-10-13,SKU_0092,83,91.1574041937367
2025-10-20,SKU_0092,150,120.47354573511124
2025-10-27,SKU_0092,133,149.50988928223336
2025-11-03,SKU_0092,107,119.64864638880911
2025-11-10,SKU_0092,79,101.03533260217081
2025-11-17,SKU_0092,86,96.72035303425545
2025-11-24,SKU_0092,102,93.34673600746909
2025-12-01,SKU_0092,107,104.81570028960866
2025-12-08,SKU_0092,110,104.79044442963342
2025-12-15,SKU_0092,140,149.28547050373604
2025-12-22,SKU_0092,130,156.76110894828537
2025-12-29,SKU_0092,59,113.8841886217702
2025-10-13,SKU_0093,211,173.64906767679082
2025-10-20,SKU_0093,254,247.61423640488604
2025-10-27,SKU_0093,289,283.02946771325736
2025-11-03,SKU_0093,230,238.18125859956643
2025-11-10,SKU_0093,241,208.45140745156553
2025-11-17,SKU_0093,197,217.3782841257925
2025-11-24,SKU_0093,205,206.46407422658717
2025-12-01,SKU_0093,199,217.4787797648453
2025-12-08,SKU_0093,228,228.97295841382305
2025-12-15,SKU_0093,408,338.8428481147286
2025-12-22,SKU_0093,373,352.50011613518944
2025-12-29,SKU_0093,119,257.82867300782164
2025-10-13,SKU_0094,276,266.3526992500926
2025-10-20,SKU_0094,388,383.7316121677764
2025-10-27,SKU_0094,392,368.1789051085554
2025-11-03,SKU_0094,370,358.13268294410994
2025-11-10,SKU_0094,283,297.4198628839829
2025-11-17,SKU_0094,277,307.07778046005046
2025-11-24,SKU_0094,296,289.6306509959592
2025-12-01,SKU_0094,315,327.3568169777903
2025-12-08,SKU_0094,252,314.81242424968343
2025-12-15,SKU_0094,443,421.17470236992176
2025-12-22,SKU_0094,495,433.7168929274258
2025-12-29,SKU_0094,149,328.9772991509337
2025-10-13,SKU_0095,38,50.25247507376882
2025-10-20,SKU_0095,77,68.64411939109807
2025-10-27,SKU_0095,69,76.45902419915508
2025-11-03,SKU_0095,68,61.943999203632714
2025-11-10,SKU_0095,49,55.04661610481184
2025-11-17,SKU_0095,70,56.431219622996615
2025-11-24,SKU_0095,44,58.89054180306151
2025-12-01,SKU_0095,77,55.58956833997501
2025-12-08,SKU_0095,60,61.83788348743737
2025-12-15,SKU_0095,97,84.17958306167517
2025-12-22,SKU_0095,85,95.80329388723266
2025-12-29,SKU_0095,34,66.43771093237595
2025-10-13,SKU_0096,207,190.7773999939502
2025-10-20,SKU_0096,296,273.9855009355529
2025-10-27,SKU_0096,337,303.38244768774985
2025-11-03,SKU_0096,289,253.1951332718486
2025-11-10,SKU_0096,248,244.60920703432336
2025-11-17,SKU_0096,253,237.45794358546118
2025-11-24,SKU_0096,275,242.74172485380103
2025-12-01,SKU_0096,282,271.8247508314733
2025-12-08,SKU_0096,270,300.1160045013353
2025-12-15,SKU_0096,334,403.7065191216793
2025-12-22,SKU_0096,429,382.7266471681308
2025-12-29,SKU_0096,142,268.0623379829503
2025-10-13,SKU_0097,119,121.27437710353384
2025-10-20,SKU_0097,213,177.21657681860785
2025-10-27,SKU_0097,204,223.47673482726262
2025-11-03,SKU_0097,151,161.586647508135
2025-11-10,SKU_0097,116,138.08360307433202
2025-11-17,SKU_0097,168,136.24862781221918
2025-11-24,SKU_0097,99,158.35482690889572
2025-12-01,SKU_0097,141,137.1487631966831
2025-12-08,SKU_0097,156,158.81108943779705
2025-12-15,SKU_0097,255,241.44127546069257
2025-12-22,SKU_0097,220,241.7056201071327
2025-12-29,SKU_0097,100,142.45975739048933
2025-10-13,SKU_0098,327,370.69485749550194
2025-10-20,SKU_0098,507,457.89056279801713
2025-10-27,SKU_0098,495,434.0696952758559
2025-11-03,SKU_0098,424,472.96455477615535
2025-11-10,SKU_0098,373,383.1293991018224
2025-11-17,SKU_0098,421,373.4296016450927
2025-11-24,SKU_0098,442,442.9341631276266
2025-12-01,SKU_0098,446,418.349350896926
2025-12-08,SKU_0098,491,426.4632290447616
2025-12-15,SKU_0098,681,699.3756445767386
2025-12-22,SKU_0098,607,670.7785684991971
2025-12-29,SKU_0098,304,398.0095046817372
2025-10-13,SKU_0099,37,34.27389362295296
2025-10-20,SKU_0099,43,49.42922154321843
2025-10-27,SKU_0099,60,51.318103116278564
2025-11-03,SKU_0099,59,51.18524778458797
2025-11-10,SKU_0099,57,44.94110337135812
2025-11-17,SKU_0099,39,47.56632128526463
2025-11-24,SKU_0099,48,43.35261820545297
2025-12-01,SKU_0099,43,50.71033601008013
2025-12-08,SKU_0099,42,49.774452452501215
2025-12-15,SKU_0099,73,67.33447749275416
2025-12-22,SKU_0099,41,74.04054263031931
2025-12-29,SKU_0099,27,40.89138825144132
2025-10-13,SKU_0100,168,162.4458881521871
2025-10-20,SKU_0100,232,227.43170830312647
2025-10-27,SKU_0100,239,241.09341493516553
2025-11-03,SKU_0100,207,208.14489707207957
2025-11-10,SKU_0100,157,188.53701024535474
2025-11-17,SKU_0100,207,178.4465021126499
2025-11-24,SKU_0100,164,184.82999323555362
2025-12-01,SKU_0100,201,194.96721722708034
2025-12-08,SKU_0100,223,192.3167973465774
2025-12-15,SKU_0100,298,309.73679965472064
2025-12-22,SKU_0100,298,290.69254901752697
2025-12-29,SKU_0100,140,212.10892794490056
2025-10-13,SKU_0101,53,37.38084445896127
2025-10-20,SKU_0101,67,62.990202166384115
2025-10-27,SKU_0101,74,68.77233355665673
2025-11-03,SKU_0101,54,58.85917471601331
2025-11-10,SKU_0101,38,52.07822747874608
2025-11-17,SKU_0101,42,45.60490702980508
2025-11-24,SKU_0101,44,46.04322677817282
2025-12-01,SKU_0101,41,48.139848182100074
2025-12-08,SKU_0101,55,47.98095946783916
2025-12-15,SKU_0101,69,76.30597446125726
2025-12-22,SKU_0101,68,71.6767514414626
2025-12-29,SKU_0101,21,45.466819339553155
2025-10-13,SKU_0102,22,19.81893068895622
2025-10-20,SKU_0102,38,28.530105624571544
2025-10-27,SKU_0102,39,36.651231784308244
2025-11-03,SKU_0102,35,33.33015984412704
2025-11-10,SKU_0102,22,28.160868422908344
2025-11-17,SKU_0102,19,26.5578679167903
2025-11-24,SKU_0102,25,23.019370700079584
2025-12-01,SKU_0102,32,27.991618438670596
2025-12-08,SKU_0102,25,28.068000432867233
2025-12-15,SKU_0102,44,37.696691799926214
2025-12-22,SKU_0102,36,42.18379172955781
2025-12-29,SKU_0102,16,30.245851442807176
2025-10-13,SKU_0103,299,296.60798422475403
2025-10-20,SKU_0103,419,385.09707130332197
2025-10-27,SKU_0103,506,349.578536290013
2025-11-03,SKU_0103,353,397.9337012257873
2025-11-10,SKU_0103,297,301.43215806666285
2025-11-17,SKU_0103,313,349.1904872229981
2025-11-24,SKU_0103,332,303.6792040483331
2025-12-01,SKU_0103,354,356.1785418061441
2025-12-08,SKU_0103,354,368.379653620957
2025-12-15,SKU_0103,524,521.5957011996235
2025-12-22,SKU_0103,596,541.7967430148444
2025-12-29,SKU_0103,209,354.29632170419745
2025-10-13,SKU_0104,57,56.473434063327225
2025-10-20,SKU_0104,79,79.38254660375839
2025-10-27,SKU_0104,60,86.03837292938537
2025-11-03,SKU_0104,97,69.23312607664978
2025-11-10,SKU_0104,60,73.05195767288828
2025-11-17,SKU_0104,68,67.04394436915305
2025-11-24,SKU_0104,70,63.8707297912262
2025-12-01,SKU_0104,68,75.47559371660812
2025-12-08,SKU_0104,62,71.83272605431122
2025-12-15,SKU_0104,79,97.78152758811855
2025-12-22,SKU_0104,101,96.76658165236589
2025-12-29,SKU_0104,58,64.55966827473239
2025-10-13,SKU_0105,121,113.24964617724513
2025-10-20,SKU_0105,151,168.0097134024285
2025-10-27,SKU_0105,190,180.31233484008803
2025-11-03,SKU_0105,160,152.36469124145174
2025-11-10,SKU_0105,139,132.78840474321422
2025-11-17,SKU_0105,146,137.54559083414586
2025-11-24,SKU_0105,158,141.02209714922057
2025-12-01,SKU_0105,157,155.27249281614175
2025-12-08,SKU_0105,137,174.77051455905985
2025-12-15,SKU_0105,189,195.16785661457482
2025-12-22,SKU_0105,195,231.01484079128718
2025-12-29,SKU_0105,86,155.70667735264908
2025-10-13,SKU_0106,67,64.83946894041645
2025-10-20,SKU_0106,97,95.10073959713843
2025-10-27,SKU_0106,98,109.03472058533455
2025-11-03,SKU_0106,79,87.9248953003936
2025-11-10,SKU_0106,76,75.41811760104837
2025-11-17,SKU_0106,69,75.79237023323566
2025-11-24,SKU_0106,68,78.91808354230076
2025-12-01,SKU_0106,69,76.39560653250349
2025-12-08,SKU_0106,51,80.68019894516287
2025-12-15,SKU_0106,117,91.97816048653974
2025-12-22,SKU_0106,125,120.49689303008292
2025-12-29,SKU_0106,49,72.84545781480385
2025-10-13,SKU_0107,62,74.10667574415665
2025-10-20,SKU_0107,99,100.53395514363146
2025-10-27,SKU_0107,116,112.86429959769185
2025-11-03,SKU_0107,80,97.77021996774155
2025-11-10,SKU_0107,73,79.88689448398245
2025-11-17,SKU_0107,69,81.34425682818622
2025-11-24,SKU_0107,67,76.95599670477884
2025-12-01,SKU_0107,87,76.73849016757542
2025-12-08,SKU_0107,97,88.38466194661025
2025-12-15,SKU_0107,124,125.45424795899316
2025-12-22,SKU_0107,109,123.21299455033873
2025-12-29,SKU_0107,35,89.61372502087865
2025-10-13,SKU_0108,29,46.707109070113205
2025-10-20,SKU_0108,59,62.012874560515456
2025-10-27,SKU_0108,52,69.05207087808746
2025-11-03,SKU_0108,48,50.32096044273947
2025-11-10,SKU_0108,49,42.2606078588898
2025-11-17,SKU_0108,60,45.52895249306947
2025-11-24,SKU_0108,46,51.13627494493509
2025-12-01,SKU_0108,60,52.97652602751336
2025-12-08,SKU_0108,62,57.51508875098834
2025-12-15,SKU_0108,76,81.37525176415869
2025-12-22,SKU_0108,91,79.60157200427214
2025-12-29,SKU_0108,30,54.492188502794534
2025-10-13,SKU_0109,25,26.844260240616848
2025-10-20,SKU_0109,33,34.5667188002281
2025-10-27,SKU_0109,27,39.04277783190472
2025-11-03,SKU_0109,31,32.401027979117345
2025-11-10,SKU_0109,28,26.357858822756256
2025-11-17,SKU_0109,32,27.73301898020509
2025-11-24,SKU_0109,28,28.41662143976268
2025-12-01,SKU_0109,27,33.395341507418344
2025-12-08,SKU_0109,20,31.323036944723203
2025-12-15,SKU_0109,53,35.404999573075784
2025-12-22,SKU_0109,54,42.80287363846152
2025-12-29,SKU_0109,15,37.03812753592761
2025-10-13,SKU_0110,73,64.52290555698669
2025-10-20,SKU_0110,96,86.51599001067551
2025-10-27,SKU_0110,78,101.0977451335737
2025-11-03,SKU_0110,77,85.42636195406452
2025-11-10,SKU_0110,81,76.6718906279129
2025-11-17,SKU_0110,47,76.58342650002356
2025-11-24,SKU_0110,63,65.9899297110733
2025-12-01,SKU_0110,74,71.62338450254418
2025-12-08,SKU_0110,68,76.18639674844894
2025-12-15,SKU_0110,143,93.04808376974475
2025-12-22,SKU_0110,118,124.89709747964363
2025-12-29,SKU_0110,48,84.04385360737248
2025-10-13,SKU_0111,119,115.2477393902331
2025-10-20,SKU_0111,139,166.9317073916707
2025-10-27,SKU_0111,166,174.76860064701236
2025-11-03,SKU_0111,164,144.7169400406017
2025-11-10,SKU_0111,149,132.38006644326657
2025-11-17,SKU_0111,118,146.22521341195133
2025-11-24,SKU_0111,139,132.27757743088833
2025-12-01,SKU_0111,153,142.38569258263018
2025-12-08,SKU_0111,181,146.88947312006036
2025-12-15,SKU_0111,191,212.42260226142605
2025-12-22,SKU_0111,208,216.92298175326192
2025-12-29,SKU_0111,80,150.65160284062574
2025-10-13,SKU_0112,26,32.754269156730864
2025-10-20,SKU_0112,43,36.10409322733297
2025-10-27,SKU_0112,39,46.66949438667942
2025-11-03,SKU_0112,30,39.23320532501956
2025-11-10,SKU_0112,32,31.732402353996353
2025-11-17,SKU_0112,33,31.625641894227645
2025-11-24,SKU_0112,20,31.73945324097023
2025-12-01,SKU_0112,33,32.0159401417033
2025-12-08,SKU_0112,37,33.52138643924994
2025-12-15,SKU_0112,52,47.201228870367395
2025-12-22,SKU_0112,48,49.16716567466865
2025-12-29,SKU_0112,20,38.409628722273915
2025-10-13,SKU_0113,83,87.90595163785059
2025-10-20,SKU_0113,126,118.45011342122196
2025-10-27,SKU_0113,124,127.27246642864682
2025-11-03,SKU_0113,106,108.09855887369338
2025-11-10,SKU_0113,93,95.78010086073427
2025-11-17,SKU_0113,80,98.11520646493875
2025-11-24,SKU_0113,95,91.9623801448816
2025-12-01,SKU_0113,98,101.02711716913046
2025-12-08,SKU_0113,121,103.02182098831489
2025-12-15,SKU_0113,137,152.36560669976186
2025-12-22,SKU_0113,159,144.97943473232087
2025-12-29,SKU_0113,74,119.66404089656501
2025-10-13,SKU_0114,33,26.17791488155453
2025-10-20,SKU_0114,46,38.90086262440461
2025-10-27,SKU_0114,47,48.31264412064985
2025-11-03,SKU_0114,26,41.856653836637406
2025-11-10,SKU_0114,23,32.492711751854635
2025-11-17,SKU_0114,41,28.45061079068587
2025-11-24,SKU_0114,40,31.64394933318106
2025-12-01,SKU_0114,42,39.4444543716558
2025-12-08,SKU_0114,37,39.67859380818973
2025-12-15,SKU_0114,55,59.72789896479165
2025-12-22,SKU_0114,41,59.77617701997008
2025-12-29,SKU_0114,13,36.16464796822208
2025-10-13,SKU_0115,122,113.06396224781207
2025-10-20,SKU_0115,155,160.77152970724504
2025-10-27,SKU_0115,176,179.72971047237553
2025-11-03,SKU_0115,145,143.4782698849256
2025-11-10,SKU_0115,125,126.58814011187272
2025-11-17,SKU_0115,111,128.39735697893462
2025-11-24,SKU_0115,129,114.65918749964742
2025-12-01,SKU_0115,132,129.6180724325319
2025-12-08,SKU_0115,126,136.1323305781216
2025-12-15,SKU_0115,226,192.41978876781272
2025-12-22,SKU_0115,189,229.49073422641726
2025-12-29,SKU_0115,72,137.55531790823858
2025-10-13,SKU_0116,63,101.39912416268146
2025-10-20,SKU_0116,124,118.69217724697864
2025-10-27,SKU_0116,133,140.78174718152292
2025-11-03,SKU_0116,145,117.64548039154032
2025-11-10,SKU_0116,116,110.16489477842
2025-11-17,SKU_0116,111,113.60050385581012
2025-11-24,SKU_0116,113,107.13412243070812
2025-12-01,SKU_0116,138,119.26844677428944
2025-12-08,SKU_0116,102,124.90948301689004
2025-12-15,SKU_0116,216,168.04049461096128
2025-12-22,SKU_0116,187,196.63142401131614
2025-12-29,SKU_0116,64,137.48506017072594
2025-10-13,SKU_0117,57,77.42947400640865
2025-10-20,SKU_0117,113,100.96163297434745
2025-10-27,SKU_0117,130,124.62320409995235
2025-11-03,SKU_0117,90,100.65898854758004
2025-11-10,SKU_0117,79,84.66256354841538
2025-11-17,SKU_0117,89,86.92275021762683
2025-11-24,SKU_0117,104,90.1014026086197
2025-12-01,SKU_0117,113,97.62297035952022
2025-12-08,SKU_0117,102,99.02587845326752
2025-12-15,SKU_0117,140,146.61417977264998
2025-12-22,SKU_0117,130,154.33863728277763
2025-12-29,SKU_0117,63,113.2443687523285
2025-10-13,SKU_0118,140,125.27604114817171
2025-10-20,SKU_0118,188,189.5446279793062
2025-10-27,SKU_0118,210,194.20498647483132
2025-11-03,SKU_0118,209,168.9640546020471
2025-11-10,SKU_0118,156,157.73550747431187
2025-11-17,SKU_0118,139,160.6629233025399
2025-11-24,SKU_0118,135,152.12790674406784
2025-12-01,SKU_0118,172,148.8696395205601
2025-12-08,SKU_0118,196,178.31943168192794
2025-12-15,SKU_0118,279,254.024688124898
2025-12-22,SKU_0118,290,261.1235866215527
2025-12-29,SKU_0118,104,198.29302288492218
2025-10-13,SKU_0119,148,139.52322410449435
2025-10-20,SKU_0119,218,206.7617836992624
2025-10-27,SKU_0119,185,222.43439406198507
2025-11-03,SKU_0119,187,175.39675558100393
2025-11-10,SKU_0119,132,163.20025031127162
2025-11-17,SKU_0119,157,145.6925202380333
2025-11-24,SKU_0119,184,153.20435826026332
2025-12-01,SKU_0119,217,163.13838797780525
2025-12-08,SKU_0119,207,185.19646201751996
2025-12-15,SKU_0119,246,284.95914342255844
2025-12-22,SKU_0119,230,285.03013698016423
2025-12-29,SKU_0119,132,189.06549498969522
2025-10-13,SKU_0120,243,291.02966286030454
2025-10-20,SKU_0120,415,385.81391713473084
2025-10-27,SKU_0120,447,371.8626002255358
2025-11-03,SKU_0120,386,380.88222932695203
2025-11-10,SKU_0120,314,328.07238696954533
2025-11-17,SKU_0120,236,321.8817333766869
2025-11-24,SKU_0120,356,264.3809091715739
2025-12-01,SKU_0120,324,344.56409430830945
2025-12-08,SKU_0120,465,336.77602906463346
2025-12-15,SKU_0120,576,463.6432987680942
2025-12-22,SKU_0120,437,514.8858648934299
2025-12-29,SKU_0120,220,358.8800711920963
2025-10-13,SKU_0121,67,66.63015617568941
2025-10-20,SKU_0121,116,91.5688666947348
2025-10-27,SKU_0121,106,120.37300879284408
2025-11-03,SKU_0121,85,96.49396581002814
2025-11-10,SKU_0121,88,81.35553380225409
2025-11-17,SKU_0121,77,86.79537791733662
2025-11-24,SKU_0121,95,79.46660654819208
2025-12-01,SKU_0121,90,90.12394340104136
2025-12-08,SKU_0121,95,91.34220095515624
2025-12-15,SKU_0121,158,132.50490755214892
2025-12-22,SKU_0121,131,154.82117351998502
2025-12-29,SKU_0121,53,102.23995760836907
2025-10-13,SKU_0122,222,203.11422519449553
2025-10-20,SKU_0122,293,308.4192796659529
2025-10-27,SKU_0122,365,323.1801771784144
2025-11-03,SKU_0122,247,288.04785231271666
2025-11-10,SKU_0122,280,240.2722311805554
2025-11-17,SKU_0122,250,266.69859131629
2025-11-24,SKU_0122,242,252.38319210920682
2025-12-01,SKU_0122,292,268.94040132203975
2025-12-08,SKU_0122,280,288.42986846136233
2025-12-15,SKU_0122,459,414.9182479920722
2025-12-22,SKU_0122,485,396.4193558097154
2025-12-29,SKU_0122,196,294.8605284036354
2025-10-13,SKU_0123,198,183.32810014020947
2025-10-20,SKU_0123,255,246.67045941403825
2025-10-27,SKU_0123,277,288.8231999872322
2025-11-03,SKU_0123,207,240.48006987890696
2025-11-10,SKU_0123,222,202.94725721087437
2025-11-17,SKU_0123,204,214.96109618354808
2025-11-24,SKU_0123,199,207.8089353563405
2025-12-01,SKU_0123,238,221.5845291382393
2025-12-08,SKU_0123,213,236.2578516824198
2025-12-15,SKU_0123,369,334.13208143540646
2025-12-22,SKU_0123,323,334.9243335436438
2025-12-29,SKU_0123,159,251.77099391582746
2025-10-13,SKU_0124,19,20.577852928824296
2025-10-20,SKU_0124,30,25.31156340232603
2025-10-27,SKU_0124,35,31.50872078184519
2025-11-03,SKU_0124,22,29.484895309745387
2025-11-10,SKU_0124,22,22.26115774280942
2025-11-17,SKU_0124,29,23.3394820932028
2025-11-24,SKU_0124,17,23.26939166804883
2025-12-01,SKU_0124,29,25.175630955387383
2025-12-08,SKU_0124,21,27.06076815697608
2025-12-15,SKU_0124,25,34.88999904056612
2025-12-22,SKU_0124,42,28.826552279399696
2025-12-29,SKU_0124,12,27.59055151684233
2025-10-13,SKU_0125,47,55.242630641757366
2025-10-20,SKU_0125,61,72.94630500482147
2025-10-27,SKU_0125,71,76.56650378190092
2025-11-03,SKU_0125,45,66.17929848016114
2025-11-10,SKU_0125,51,54.09174336186452
2025-11-17,SKU_0125,49,51.837976778765594
2025-11-24,SKU_0125,64,52.544139416206086
2025-12-01,SKU_0125,51,59.71165668704051
2025-12-08,SKU_0125,40,57.02985612108461
2025-12-15,SKU_0125,104,76.73735251056887
2025-12-22,SKU_0125,87,86.1594800412699
2025-12-29,SKU_0125,30,54.873881001497196
2025-10-13,SKU_0126,74,85.4800111001075
2025-10-20,SKU_0126,124,115.36867266971876
2025-10-27,SKU_0126,98,129.19869941353699
2025-11-03,SKU_0126,78,105.83632305917878
2025-11-10,SKU_0126,88,85.03201276723921
2025-11-17,SKU_0126,70,89.39421977467703
2025-11-24,SKU_0126,70,81.0082630208983
2025-12-01,SKU_0126,82,99.08697155021049
2025-12-08,SKU_0126,96,91.09863713065707
2025-12-15,SKU_0126,181,129.52794220849492
2025-12-22,SKU_0126,128,152.06126882180408
2025-12-29,SKU_0126,40,102.42117927128957
2025-10-13,SKU_0127,47,50.05654863026749
2025-10-20,SKU_0127,74,72.19301059771226
2025-10-27,SKU_0127,62,78.02152221337055
2025-11-03,SKU_0127,52,65.14674574380142
2025-11-10,SKU_0127,45,49.555826369642254
2025-11-17,SKU_0127,45,49.904695137107474
2025-11-24,SKU_0127,52,51.35720671291032
2025-12-01,SKU_0127,59,54.36983390170668
2025-12-08,SKU_0127,60,58.80237535778751
2025-12-15,SKU_0127,82,83.83161958538851
2025-12-22,SKU_0127,74,83.53288970661488
2025-12-29,SKU_0127,29,52.62874353885749
2025-10-13,SKU_0128,164,153.10087910488394
2025-10-20,SKU_0128,192,211.11329934402545
2025-10-27,SKU_0128,189,218.43935722878402
2025-11-03,SKU_0128,232,181.67764078663075
2025-11-10,SKU_0128,156,169.28108185475062
2025-11-17,SKU_0128,188,164.20956419246107
2025-11-24,SKU_0128,179,172.28606313383438
2025-12-01,SKU_0128,174,202.14904772697483
2025-12-08,SKU_0128,170,191.79335307805988
2025-12-15,SKU_0128,311,261.59756699807275
2025-12-22,SKU_0128,261,280.73514874767636
2025-12-29,SKU_0128,97,200.55285287030443
2025-10-13,SKU_0129,88,73.71286523744553
2025-10-20,SKU_0129,127,110.45997802867558
2025-10-27,SKU_0129,138,127.45672675457041
2025-11-03,SKU_0129,99,110.95967412108696
2025-11-10,SKU_0129,94,96.60728399381404
2025-11-17,SKU_0129,102,95.97476057498413
2025-11-24,SKU_0129,78,99.00493111371789
2025-12-01,SKU_0129,93,98.20053491819894
2025-12-08,SKU_0129,90,99.17391390514985
2025-12-15,SKU_0129,124,137.662874580222
2025-12-22,SKU_0129,153,131.1588303027464
2025-12-29,SKU_0129,76,109.16690422899333
2025-10-13,SKU_0130,131,128.44916143205947
2025-10-20,SKU_0130,157,178.40502976390192
2025-10-27,SKU_0130,222,191.99940477417027
2025-11-03,SKU_0130,143,174.8695896188019
2025-11-10,SKU_0130,140,144.80795495643073
2025-11-17,SKU_0130,163,143.22310250744937
2025-11-24,SKU_0130,155,146.6975548954084
2025-12-01,SKU_0130,178,162.62168189106572
2025-12-08,SKU_0130,178,178.36621423636123
2025-12-15,SKU_0130,232,251.36963438126998
2025-12-22,SKU_0130,248,248.3754842844135
2025-12-29,SKU_0130,122,167.4984463675588
2025-10-13,SKU_0131,43,35.547145391622514
2025-10-20,SKU_0131,49,50.58970376988367
2025-10-27,SKU_0131,68,62.344566628798184
2025-11-03,SKU_0131,50,50.22929224494453
2025-11-10,SKU_0131,39,43.58304667357226
2025-11-17,SKU_0131,37,41.80077223995471
2025-11-24,SKU_0131,44,40.63297121628951
2025-12-01,SKU_0131,44,44.77789002770877
2025-12-08,SKU_0131,45,46.64539715264957
2025-12-15,SKU_0131,63,66.29813237600185
2025-12-22,SKU_0131,55,69.25111815636367
2025-12-29,SKU_0131,30,44.674613647540895
2025-10-13,SKU_0132,104,110.18266224457359
2025-10-20,SKU_0132,159,158.5903736933152
2025-10-27,SKU_0132,199,179.0179947960223
2025-11-03,SKU_0132,127,143.39146208398137
2025-11-10,SKU_0132,117,125.77776391887966
2025-11-17,SKU_0132,109,128.37861980045597
2025-11-24,SKU_0132,112,123.1592212716925
2025-12-01,SKU_0132,148,127.22139412238951
2025-12-08,SKU_0132,129,136.26304228021812
2025-12-15,SKU_0132,202,183.2115207260956
2025-12-22,SKU_0132,150,195.31084531704482
2025-12-29,SKU_0132,76,149.7490873637569
2025-10-13,SKU_0133,72,105.57708928085381
2025-10-20,SKU_0133,145,129.0366422018183
2025-10-27,SKU_0133,142,154.81052547107535
2025-11-03,SKU_0133,125,131.14769655380064
2025-11-10,SKU_0133,97,110.02130170469692
2025-11-17,SKU_0133,95,108.60305613218789
2025-11-24,SKU_0133,117,100.79976608700349
2025-12-01,SKU_0133,149,118.2631977960566
2025-12-08,SKU_0133,156,132.5269757127571
2025-12-15,SKU_0133,181,188.0299047605508
2025-12-22,SKU_0133,219,194.1819980909149
2025-12-29,SKU_0133,56,135.2903024058331
2025-10-13,SKU_0134,184,158.457226160324
2025-10-20,SKU_0134,249,227.17740196390722
2025-10-27,SKU_0134,284,253.57879473136825
2025-11-03,SKU_0134,214,227.54213226606214
2025-11-10,SKU_0134,186,183.94756205455778
2025-11-17,SKU_0134,223,178.1441655924374
2025-11-24,SKU_0134,166,204.63431568605705
2025-12-01,SKU_0134,179,209.69312910216775
2025-12-08,SKU_0134,215,211.1994872753913
2025-12-15,SKU_0134,256,319.3797940441144
2025-12-22,SKU_0134,342,313.7076754096324
2025-12-29,SKU_0134,132,213.98144228813126
2025-10-13,SKU_0135,267,266.5094789363377
2025-10-20,SKU_0135,361,370.43050126653725
2025-10-27,SKU_0135,347,370.5046105549633
2025-11-03,SKU_0135,326,341.0694260669422
2025-11-10,SKU_0135,275,295.2977979096521
2025-11-17,SKU_0135,311,291.33995411462143
2025-11-24,SKU_0135,307,313.25140843675314
2025-12-01,SKU_0135,337,325.71443216562454
2025-12-08,SKU_0135,332,342.2568327143741
2025-12-15,SKU_0135,503,493.84806052915303
2025-12-22,SKU_0135,518,442.3421497333728
2025-12-29,SKU_0135,201,335.1088453446146
2025-10-13,SKU_0136,99,141.40208423636625
2025-10-20,SKU_0136,244,178.0968347509722
2025-10-27,SKU_0136,253,223.8691466168962
2025-11-03,SKU_0136,183,187.8081961784606
2025-11-10,SKU_0136,119,156.97657899012447
2025-11-17,SKU_0136,203,140.017355291405
2025-11-24,SKU_0136,141,167.56107043938093
2025-12-01,SKU_0136,198,163.39266762629717
2025-12-08,SKU_0136,214,183.22544997255045
2025-12-15,SKU_0136,241,297.58830523002285
2025-12-22,SKU_0136,258,273.1769315600534
2025-12-29,SKU_0136,76,180.4235443389051
2025-10-13,SKU_0137,168,168.38240115188762
2025-10-20,SKU_0137,235,238.10085080375453
2025-10-27,SKU_0137,305,251.9414855924877
2025-11-03,SKU_0137,253,219.1438577172416
2025-11-10,SKU_0137,197,196.24355404579072
2025-11-17,SKU_0137,171,194.6664260467853
2025-11-24,SKU_0137,188,196.4970751265549
2025-12-01,SKU_0137,218,198.66696434435744
2025-12-08,SKU_0137,242,228.73443623747582
2025-12-15,SKU_0137,368,307.0934669560523
2025-12-22,SKU_0137,322,351.86073838525965
2025-12-29,SKU_0137,103,242.9749318063733
2025-10-13,SKU_0138,190,182.36468388553826
2025-10-20,SKU_0138,205,268.2394680461231
2025-10-27,SKU_0138,285,270.9894487602385
2025-11-03,SKU_0138,247,239.05417172004272
2025-11-10,SKU_0138,174,200.4730563222665
2025-11-17,SKU_0138,223,196.17141492640562
2025-11-24,SKU_0138,223,211.7429490141143
2025-12-01,SKU_0138,223,226.19488425724072
2025-12-08,SKU_0138,212,227.60064097095417
2025-12-15,SKU_0138,268,321.8151052337784
2025-12-22,SKU_0138,398,338.52929702747196
2025-12-29,SKU_0138,118,227.98521734941474
2025-10-13,SKU_0139,431,376.707889769443
2025-10-20,SKU_0139,655,605.2966633981738
2025-10-27,SKU_0139,645,617.0367438975152
2025-11-03,SKU_0139,540,551.8905987478861
2025-11-10,SKU_0139,431,423.8932619519354
2025-11-17,SKU_0139,475,528.0499345697557
2025-11-24,SKU_0139,484,553.1027449800937
2025-12-01,SKU_0139,547,523.9934303113729
2025-12-08,SKU_0139,516,469.0280125297339
2025-12-15,SKU_0139,892,803.8308351784233
2025-12-22,SKU_0139,705,726.0006378070586
2025-12-29,SKU_0139,398,633.6588100521515
2025-10-13,SKU_0140,40,29.135305909886625
2025-10-20,SKU_0140,40,41.87640607157262
2025-10-27,SKU_0140,27,48.40972757141234
2025-11-03,SKU_0140,33,35.489366908214734
2025-11-10,SKU_0140,22,30.65774205812781
2025-11-17,SKU_0140,31,28.215538851214614
2025-11-24,SKU_0140,40,28.422407906609752
2025-12-01,SKU_0140,40,36.37128363733261
2025-12-08,SKU_0140,29,38.28674375296612
2025-12-15,SKU_0140,59,50.46148475699342
2025-12-22,SKU_0140,35,58.59469711049852
2025-12-29,SKU_0140,16,35.8641154655937
2025-10-13,SKU_0141,78,81.37592029459118
2025-10-20,SKU_0141,118,115.85747961278616
2025-10-27,SKU_0141,130,128.96156043893495
2025-11-03,SKU_0141,116,106.00109351440925
2025-11-10,SKU_0141,86,97.2969174144322
2025-11-17,SKU_0141,116,94.89085170108444
2025-11-24,SKU_0141,101,101.66242457651015
2025-12-01,SKU_0141,108,107.71148485841597
2025-12-08,SKU_0141,108,110.99881377256958
2025-12-15,SKU_0141,150,163.03790863437777
2025-12-22,SKU_0141,149,160.965213964574
2025-12-29,SKU_0141,52,127.63474376389397
2025-10-13,SKU_0142,59,59.610246536499794
2025-10-20,SKU_0142,106,81.13675931243826
2025-10-27,SKU_0142,90,104.65201309421732
2025-11-03,SKU_0142,86,86.97629791961992
2025-11-10,SKU_0142,59,73.92573692673231
2025-11-17,SKU_0142,53,71.01243131940578
2025-11-24,SKU_0142,64,63.23581568070851
2025-12-01,SKU_0142,92,72.1369896542744
2025-12-08,SKU_0142,96,76.88662013626346
2025-12-15,SKU_0142,118,120.17983683350687
2025-12-22,SKU_0142,119,121.13250507693063
2025-12-29,SKU_0142,45,83.508693844878
2025-10-13,SKU_0143,95,106.92280295458927
2025-10-20,SKU_0143,157,147.63339489881272
2025-10-27,SKU_0143,159,161.82647065777664
2025-11-03,SKU_0143,136,136.83399066789949
2025-11-10,SKU_0143,128,120.01817885171235
2025-11-17,SKU_0143,116,127.13778602274535
2025-11-24,SKU_0143,122,118.30409537114393
2025-12-01,SKU_0143,165,132.6957228189629
2025-12-08,SKU_0143,129,135.26972220688796
2025-12-15,SKU_0143,180,190.5226754209314
2025-12-22,SKU_0143,185,196.33914184359958
2025-12-29,SKU_0143,88,141.8430601118884
2025-10-13,SKU_0144,196,193.31814296882743
2025-10-20,SKU_0144,275,261.67744663753683
2025-10-27,SKU_0144,325,304.8630694202604
2025-11-03,SKU_0144,249,251.60571593349854
2025-11-10,SKU_0144,226,223.21447429478502
2025-11-17,SKU_0144,273,229.15076492715662
2025-11-24,SKU_0144,193,244.97000432735064
2025-12-01,SKU_0144,275,226.85871874382948
2025-12-08,SKU_0144,288,267.6752219393199
2025-12-15,SKU_0144,372,363.93091367659196
2025-12-22,SKU_0144,383,374.08838137897334
2025-12-29,SKU_0144,147,249.1311273908946
2025-10-13,SKU_0145,116,112.7857988794275
2025-10-20,SKU_0145,164,165.4137017333521
2025-10-27,SKU_0145,190,184.86506876274882
2025-11-03,SKU_0145,180,148.8446750970115
2025-11-10,SKU_0145,114,138.25040664517667
2025-11-17,SKU_0145,119,133.3129315171463
2025-11-24,SKU_0145,96,132.68360493286772
2025-12-01,SKU_0145,155,122.84633434621476
2025-12-08,SKU_0145,153,148.95569933756295
2025-12-15,SKU_0145,246,196.52374223589052
2025-12-22,SKU_0145,231,226.35724686659924
2025-12-29,SKU_0145,91,156.18643247477004
2025-10-13,SKU_0146,49,50.01733905857572
2025-10-20,SKU_0146,78,69.16253519515674
2025-10-27,SKU_0146,57,79.91900201895662
2025-11-03,SKU_0146,65,65.10871288898814
2025-11-10,SKU_0146,59,57.46366720434754
2025-11-17,SKU_0146,53,56.694572909803604
2025-11-24,SKU_0146,52,52.186486326852474
2025-12-01,SKU_0146,56,56.60800439223027
2025-12-08,SKU_0146,38,61.37560067471776
2025-12-15,SKU_0146,84,75.24522256158147
2025-12-22,SKU_0146,86,77.84234850696448
2025-12-29,SKU_0146,28,48.33040595852262
2025-10-13,SKU_0147,140,177.39180896875664
2025-10-20,SKU_0147,337,226.33763157470443
2025-10-27,SKU_0147,286,273.971303299483
2025-11-03,SKU_0147,289,233.59714108387172
2025-11-10,SKU_0147,201,215.3317568714969
2025-11-17,SKU_0147,199,204.06534834248026
2025-11-24,SKU_0147,198,210.0341618468796
2025-12-01,SKU_0147,218,212.82240035775416
2025-12-08,SKU_0147,231,225.0748187400796
2025-12-15,SKU_0147,303,338.99126773945903
2025-12-22,SKU_0147,364,348.36497541329555
2025-12-29,SKU_0147,110,248.58010999604662
2025-10-13,SKU_0148,140,110.44445145968653
2025-10-20,SKU_0148,174,163.93853706115067
2025-10-27,SKU_0148,132,179.58205482575684
2025-11-03,SKU_0148,163,143.29508778891827
2025-11-10,SKU_0148,122,127.18862049517831
2025-11-17,SKU_0148,127,124.92266128486084
2025-11-24,SKU_0148,139,126.07765636867111
2025-12-01,SKU_0148,92,141.39626933203164
2025-12-08,SKU_0148,141,125.38720508368925
2025-12-15,SKU_0148,181,187.05027678756414
2025-12-22,SKU_0148,195,190.22559201497276
2025-12-29,SKU_0148,86,142.20362256913472
2025-10-13,SKU_0149,74,65.79826068150103
2025-10-20,SKU_0149,99,101.01387393761219
2025-10-27,SKU_0149,132,110.99619446487611
2025-11-03,SKU_0149,88,95.9038774977723
2025-11-10,SKU_0149,80,82.02548541214529
2025-11-17,SKU_0149,81,85.74105313896605
2025-11-24,SKU_0149,90,84.32785413340704
2025-12-01,SKU_0149,99,92.19956060551905
2025-12-08,SKU_0149,110,95.19263694117392
2025-12-15,SKU_0149,116,133.12402570646688
2025-12-22,SKU_0149,138,137.30654717440075
2025-12-29,SKU_0149,50,102.72048695899365
2025-10-13,SKU_0150,17,19.389982054528268
2025-10-20,SKU_0150,20,24.713910460063666
2025-10-27,SKU_0150,39,26.82622209614151
2025-11-03,SKU_0150,26,27.902609907417872
2025-11-10,SKU_0150,17,23.660332022984733
2025-11-17,SKU_0150,17,20.47663417645402
2025-11-24,SKU_0150,23,19.40238710377976
2025-12-01,SKU_0150,26,23.581419996271528
2025-12-08,SKU_0150,22,24.692188005538217
2025-12-15,SKU_0150,29,30.258731201580524
2025-12-22,SKU_0150,30,32.665119511102006
2025-12-29,SKU_0150,6,24.604379601293413
2025-10-13,SKU_0151,138,128.6081611173718
2025-10-20,SKU_0151,197,192.66656641103825
2025-10-27,SKU_0151,179,216.33691811709744
2025-11-03,SKU_0151,174,167.02570591525082
2025-11-10,SKU_0151,146,157.29478176636655
2025-11-17,SKU_0151,125,155.4063174798461
2025-11-24,SKU_0151,114,145.15670096133806
2025-12-01,SKU_0151,151,141.2921399622713
2025-12-08,SKU_0151,157,165.57345190530683
2025-12-15,SKU_0151,258,224.40598064147974
2025-12-22,SKU_0151,267,253.62002842738195
2025-12-29,SKU_0151,104,163.37574081127528
2025-10-13,SKU_0152,15,18.643125721649582
2025-10-20,SKU_0152,20,23.814001680716974
2025-10-27,SKU_0152,24,23.73666666440681
2025-11-03,SKU_0152,29,21.068392765401494
2025-11-10,SKU_0152,24,19.851384776666688
2025-11-17,SKU_0152,14,20.219544733973958
2025-11-24,SKU_0152,19,18.54001490319377
2025-12-01,SKU_0152,17,22.219838168827117
2025-12-08,SKU_0152,25,20.107948489336966
2025-12-15,SKU_0152,31,28.778812700866418
2025-12-22,SKU_0152,29,29.956318261896396
2025-12-29,SKU_0152,7,24.629118793350344
2025-10-13,SKU_0153,81,89.46227845708592
2025-10-20,SKU_0153,123,123.43505591551886
2025-10-27,SKU_0153,129,132.83142347077663
2025-11-03,SKU_0153,110,109.96636441762494
2025-11-10,SKU_0153,91,97.14729304861571
2025-11-17,SKU_0153,103,98.70760527543862
2025-11-24,SKU_0153,111,101.30515101050274
2025-12-01,SKU_0153,104,106.65349872613031
2025-12-08,SKU_0153,92,116.22093069159742
2025-12-15,SKU_0153,164,154.98634299074521
2025-12-22,SKU_0153,174,156.61100206979512
2025-12-29,SKU_0153,47,114.32399181995862
2025-10-13,SKU_0154,24,34.49247593095679
2025-10-20,SKU_0154,61,40.502844712076026
2025-10-27,SKU_0154,49,52.80354108204296
2025-11-03,SKU_0154,45,46.51396386858354
2025-11-10,SKU_0154,37,40.38389658345433
2025-11-17,SKU_0154,37,38.327415626391705
2025-11-24,SKU_0154,39,38.08746991423147
2025-12-01,SKU_0154,51,41.52623842257367
2025-12-08,SKU_0154,44,43.038345281826906
2025-12-15,SKU_0154,77,65.36342964634947
2025-12-22,SKU_0154,64,70.24830894062019
2025-12-29,SKU_0154,27,44.81357917195478
2025-10-13,SKU_0155,94,115.9293895863093
2025-10-20,SKU_0155,148,154.4672633876939
2025-10-27,SKU_0155,173,184.81997476589328
2025-11-03,SKU_0155,146,142.2006305117695
2025-11-10,SKU_0155,105,122.95480855398571
2025-11-17,SKU_0155,157,121.0057747762782
2025-11-24,SKU_0155,171,140.85384367431695
2025-12-01,SKU_0155,147,147.81076380608732
2025-12-08,SKU_0155,140,155.46484977525213
2025-12-15,SKU_0155,218,223.26217844021215
2025-12-22,SKU_0155,228,224.81753583932735
2025-12-29,SKU_0155,52,146.61650835205268
2025-10-13,SKU_0156,30,24.973031159735694
2025-10-20,SKU_0156,33,35.17672143560044
2025-10-27,SKU_0156,35,38.703363179980876
2025-11-03,SKU_0156,37,33.732991782753075
2025-11-10,SKU_0156,19,30.6061739643893
2025-11-17,SKU_0156,26,25.105728652049585
2025-11-24,SKU_0156,32,26.975503998016826
2025-12-01,SKU_0156,37,33.154000745556424
2025-12-08,SKU_0156,27,34.43377833593127
2025-12-15,SKU_0156,34,43.32068624138544
2025-12-22,SKU_0156,38,40.85579127227237
2025-12-29,SKU_0156,14,32.08569263215438
2025-10-13,SKU_0157,69,55.691811704044554
2025-10-20,SKU_0157,82,81.01814652832067
2025-10-27,SKU_0157,56,87.43155868654492
2025-11-03,SKU_0157,70,69.71621596990516
2025-11-10,SKU_0157,67,62.59131322128756
2025-11-17,SKU_0157,47,62.86366122243624
2025-11-24,SKU_0157,60,56.127041568870354
2025-12-01,SKU_0157,68,62.77148620950263
2025-12-08,SKU_0157,82,65.37150587053188
2025-12-15,SKU_0157,94,93.708117151702
2025-12-22,SKU_0157,113,102.29395329418104
2025-12-29,SKU_0157,42,67.8004456203206
2025-10-13,SKU_0158,14,14.889067303337816
2025-10-20,SKU_0158,13,21.035263764027395
2025-10-27,SKU_0158,15,20.27304542578215
2025-11-03,SKU_0158,16,14.185028251239872
2025-11-10,SKU_0158,17,12.27658140694207
2025-11-17,SKU_0158,22,13.51247096156071
2025-11-24,SKU_0158,15,15.811344867946014
2025-12-01,SKU_0158,20,19.017364535639352
2025-12-08,SKU_0158,24,19.5537705742918
2025-12-15,SKU_0158,35,27.812032530621263
2025-12-22,SKU_0158,22,29.81177705259767
2025-12-29,SKU_0158,13,23.602367172941705
2025-10-13,SKU_0159,47,47.42096762677111
2025-10-20,SKU_0159,45,68.65379023133151
2025-10-27,SKU_0159,62,67.76121996145153
2025-11-03,SKU_0159,54,57.05894876967338
2025-11-10,SKU_0159,49,50.07741545663195
2025-11-17,SKU_0159,46,46.35444932447044
2025-11-24,SKU_0159,45,48.18232858779402
2025-12-01,SKU_0159,40,52.42340165544965
2025-12-08,SKU_0159,60,50.57839289827305
2025-12-15,SKU_0159,66,74.50901961843256
2025-12-22,SKU_0159,70,73.6736568820848
2025-12-29,SKU_0159,36,47.37386835637202
2025-10-13,SKU_0160,72,58.444856166725344
2025-10-20,SKU_0160,86,86.02480452301569
2025-10-27,SKU_0160,82,97.67548495996928
2025-11-03,SKU_0160,81,85.92689640546267
2025-11-10,SKU_0160,74,72.6583237468235
2025-11-17,SKU_0160,67,75.25322156508219
2025-11-24,SKU_0160,59,70.4358807819584
2025-12-01,SKU_0160,77,73.86387536194621
2025-12-08,SKU_0160,86,75.61452686183027
2025-12-15,SKU_0160,113,105.13879682269855
2025-12-22,SKU_0160,115,119.0878992054077
2025-12-29,SKU_0160,41,79.58394469326818
2025-10-13,SKU_0161,25,33.70129211377122
2025-10-20,SKU_0161,49,38.21991258921597
2025-10-27,SKU_0161,40,49.39571927399701
2025-11-03,SKU_0161,34,40.07289960208256
2025-11-10,SKU_0161,28,33.0310762273837
2025-11-17,SKU_0161,32,31.577377258956503
2025-11-24,SKU_0161,37,30.43871049677952
2025-12-01,SKU_0161,31,36.67043820741197
2025-12-08,SKU_0161,32,35.135130107493545
2025-12-15,SKU_0161,60,48.69154802170631
2025-12-22,SKU_0161,44,59.15332727264259
2025-12-29,SKU_0161,22,38.57911469736616
2025-10-13,SKU_0162,200,215.7511951185243
2025-10-20,SKU_0162,277,287.25169596817494
2025-10-27,SKU_0162,302,325.9937147615066
2025-11-03,SKU_0162,276,266.6729429586825
2025-11-10,SKU_0162,245,242.14364936841292
2025-11-17,SKU_0162,238,236.25563182421072
2025-11-24,SKU_0162,233,232.65219943159033
2025-12-01,SKU_0162,261,258.1109980436291
2025-12-08,SKU_0162,291,289.172478810064
2025-12-15,SKU_0162,395,362.0577418892074
2025-12-22,SKU_0162,378,381.9271570101913
2025-12-29,SKU_0162,136,265.02535728566534
2025-10-13,SKU_0163,222,208.53516553067223
2025-10-20,SKU_0163,381,321.1129107227524
2025-10-27,SKU_0163,320,352.58855539488064
2025-11-03,SKU_0163,339,300.9100712892388
2025-11-10,SKU_0163,287,260.605169890051
2025-11-17,SKU_0163,255,269.85163308384887
2025-11-24,SKU_0163,271,282.7243636687956
2025-12-01,SKU_0163,282,279.31671305540306
2025-12-08,SKU_0163,315,332.9246913743166
2025-12-15,SKU_0163,410,455.54560159877997
2025-12-22,SKU_0163,467,401.70966998242756
2025-12-29,SKU_0163,167,301.3513655235468
2025-10-13,SKU_0164,168,139.41473276910116
2025-10-20,SKU_0164,202,197.31371102838204
2025-10-27,SKU_0164,220,208.67757133475519
2025-11-03,SKU_0164,157,178.24199959801837
2025-11-10,SKU_0164,197,158.99003204734433
2025-11-17,SKU_0164,167,168.37941491691643
2025-11-24,SKU_0164,147,170.49374118098197
2025-12-01,SKU_0164,162,175.58130598518474
2025-12-08,SKU_0164,141,188.20569111288557
2025-12-15,SKU_0164,232,226.99533947952978
2025-12-22,SKU_0164,266,248.22162671795883
2025-12-29,SKU_0164,123,169.62469224194507
2025-10-13,SKU_0165,67,56.2170650493676
2025-10-20,SKU_0165,62,81.23356190170573
2025-10-27,SKU_0165,75,81.80039043543414
2025-11-03,SKU_0165,78,68.9545790169877
2025-11-10,SKU_0165,54,66.73952389965014
2025-11-17,SKU_0165,53,61.30099664997834
2025-11-24,SKU_0165,47,59.88796764110558
2025-12-01,SKU_0165,63,58.92936508092952
2025-12-08,SKU_0165,74,63.00945756884572
2025-12-15,SKU_0165,100,89.80922156237082
2025-12-22,SKU_0165,110,100.51886358049316
2025-12-29,SKU_0165,34,64.77796056030627
2025-10-13,SKU_0166,91,103.59509573660321
2025-10-20,SKU_0166,148,138.0581297873665
2025-10-27,SKU_0166,151,173.16985709422957
2025-11-03,SKU_0166,138,135.09702264388963
2025-11-10,SKU_0166,143,112.58435808272756
2025-11-17,SKU_0166,95,126.23936678482362
2025-11-24,SKU_0166,124,115.44153242795275
2025-12-01,SKU_0166,123,125.04330630942266
2025-12-08,SKU_0166,109,126.80390888025009
2025-12-15,SKU_0166,171,169.26527243394378
2025-12-22,SKU_0166,220,173.32951375466683
2025-12-29,SKU_0166,91,134.60820558433352
2025-10-13,SKU_0167,53,59.592100337694035
2025-10-20,SKU_0167,91,76.80273057453836
2025-10-27,SKU_0167,85,87.75836475517296
2025-11-03,SKU_0167,83,77.87160070456649
2025-11-10,SKU_0167,52,72.07092326992186
2025-11-17,SKU_0167,65,65.87418188050347
2025-11-24,SKU_0167,55,64.1777689566358
2025-12-01,SKU_0167,68,65.78459163856385
2025-12-08,SKU_0167,92,66.39837496438213
2025-12-15,SKU_0167,100,109.46719835828249
2025-12-22,SKU_0167,99,108.83492243937748
2025-12-29,SKU_0167,52,67.86864077887357
2025-10-13,SKU_0168,82,91.19601335295339
2025-10-20,SKU_0168,155,119.9480667836177
2025-10-27,SKU_0168,150,153.97978574473873
2025-11-03,SKU_0168,134,123.47003988305468
2025-11-10,SKU_0168,118,109.34370946936777
2025-11-17,SKU_0168,116,114.26014420347659
2025-11-24,SKU_0168,104,109.49375796326235
2025-12-01,SKU_0168,116,125.04219100160668
2025-12-08,SKU_0168,142,125.29426406515326
2025-12-15,SKU_0168,186,183.17578656657523
2025-12-22,SKU_0168,192,173.29881503237962
2025-12-29,SKU_0168,80,136.1811673565547
2025-10-13,SKU_0169,75,81.7244034262108
2025-10-20,SKU_0169,117,116.76043731807115
2025-10-27,SKU_0169,135,127.70118309340151
2025-11-03,SKU_0169,112,104.52711541247089
2025-11-10,SKU_0169,100,94.31682857389201
2025-11-17,SKU_0169,102,99.6077957850664
2025-11-24,SKU_0169,88,101.9866277565252
2025-12-01,SKU_0169,112,102.76388955890978
2025-12-08,SKU_0169,82,106.59520746979068
2025-12-15,SKU_0169,148,139.75106768380203
2025-12-22,SKU_0169,168,155.82170398497678
2025-12-29,SKU_0169,57,115.07980531990616
2025-10-13,SKU_0170,9,11.383833761427928
2025-10-20,SKU_0170,18,15.71312741187912
2025-10-27,SKU_0170,19,16.43898998657788
2025-11-03,SKU_0170,11,13.152202007486213
2025-11-10,SKU_0170,10,10.804075153574711
2025-11-17,SKU_0170,10,10.804075153574711
2025-11-24,SKU_0170,11,9.820877757807564
2025-12-01,SKU_0170,10,13.70159600019146
2025-12-08,SKU_0170,10,13.70159600019146
2025-12-15,SKU_0170,10,18.054913889445608
2025-12-22,SKU_0170,17,12.997910661925296
2025-12-29,SKU_0170,15,12.730292289951123
2025-10-13,SKU_0171,240,283.58484336931696
2025-10-20,SKU_0171,464,376.1998431049735
2025-10-27,SKU_0171,426,373.8349938514747
2025-11-03,SKU_0171,376,386.9660377447084
2025-11-10,SKU_0171,310,310.930773607928
2025-11-17,SKU_0171,294,308.05779468469717
2025-11-24,SKU_0171,298,314.3393631298319
2025-12-01,SKU_0171,359,363.05684385306955
2025-12-08,SKU_0171,332,344.7714760161714
2025-12-15,SKU_0171,529,522.5834052232293
2025-12-22,SKU_0171,451,442.12074981918
2025-12-29,SKU_0171,216,355.1639916909169
2025-10-13,SKU_0172,45,58.04976315360484
2025-10-20,SKU_0172,82,72.73687846764089
2025-10-27,SKU_0172,87,83.34437739663588
2025-11-03,SKU_0172,63,74.06725216925508
2025-11-10,SKU_0172,65,61.83722159650086
2025-11-17,SKU_0172,57,65.71358329380215
2025-11-24,SKU_0172,53,62.29544565678959
2025-12-01,SKU_0172,70,62.19958617432349
2025-12-08,SKU_0172,57,64.88857033696843
2025-12-15,SKU_0172,103,87.30422424513522
2025-12-22,SKU_0172,110,101.98126880375906
2025-12-29,SKU_0172,49,63.189569890149826
2025-10-13,SKU_0173,20,22.17081914831797
2025-10-20,SKU_0173,41,28.289637254279913
2025-10-27,SKU_0173,25,36.14880377573457
2025-11-03,SKU_0173,30,28.195293840118406
2025-11-10,SKU_0173,25,25.32905910017959
2025-11-17,SKU_0173,24,24.892365835412114
2025-11-24,SKU_0173,22,22.775663721044182
2025-12-01,SKU_0173,31,27.01507384073389
2025-12-08,SKU_0173,24,28.45676767390267
2025-12-15,SKU_0173,43,37.126417964228494
2025-12-22,SKU_0173,31,39.76872088591546
2025-12-29,SKU_0173,14,29.354780031826746
2025-10-13,SKU_0174,41,46.796245365652574
2025-10-20,SKU_0174,88,64.06506234186057
2025-10-27,SKU_0174,83,76.71288455925662
2025-11-03,SKU_0174,53,68.21925452802626
2025-11-10,SKU_0174,64,52.45636291754152
2025-11-17,SKU_0174,37,59.594135738039505
2025-11-24,SKU_0174,62,50.261174511951126
2025-12-01,SKU_0174,78,57.924220173834705
2025-12-08,SKU_0174,62,63.260024498477165
2025-12-15,SKU_0174,97,85.08185538900717
2025-12-22,SKU_0174,87,105.68531798938223
2025-12-29,SKU_0174,32,66.06990653412967
2025-10-13,SKU_0175,27,30.400703535433557
2025-10-20,SKU_0175,44,37.027150819717804
2025-10-27,SKU_0175,30,44.69069249943368
2025-11-03,SKU_0175,42,35.55622832074994
2025-11-10,SKU_0175,25,32.677601244768475
2025-11-17,SKU_0175,27,30.43168157032969
2025-11-24,SKU_0175,37,28.349620615441573
2025-12-01,SKU_0175,32,35.948114149601935
2025-12-08,SKU_0175,45,35.7281437693577
2025-12-15,SKU_0175,57,54.227865003798385
2025-12-22,SKU_0175,63,60.4226076213564
2025-12-29,SKU_0175,29,40.13475992103544
2025-10-13,SKU_0176,154,140.22829454168706
2025-10-20,SKU_0176,181,190.9188615011545
2025-10-27,SKU_0176,228,206.576411624279
2025-11-03,SKU_0176,174,177.4169535181185
2025-11-10,SKU_0176,142,159.73062127450345
2025-11-17,SKU_0176,156,147.64093049317967
2025-11-24,SKU_0176,126,155.62245014186135
2025-12-01,SKU_0176,183,155.1754262755124
2025-12-08,SKU_0176,181,182.56714182062348
2025-12-15,SKU_0176,245,246.73186206492107
2025-12-22,SKU_0176,268,258.43849276710273
2025-12-29,SKU_0176,87,173.6629320120464
2025-10-13,SKU_0177,51,56.926065938058684
2025-10-20,SKU_0177,92,78.11787351721878
2025-10-27,SKU_0177,97,88.3808702642826
2025-11-03,SKU_0177,85,78.01208083809244
2025-11-10,SKU_0177,65,75.27074762983543
2025-11-17,SKU_0177,82,69.48182961694586
2025-11-24,SKU_0177,61,76.8966449636069
2025-12-01,SKU_0177,89,75.59444764125169
2025-12-08,SKU_0177,77,81.9433889773113
2025-12-15,SKU_0177,113,116.71735624673923
2025-12-22,SKU_0177,90,120.42916058616207
2025-12-29,SKU_0177,51,79.51462842868673
2025-10-13,SKU_0178,85,81.10235483284686
2025-10-20,SKU_0178,107,111.35421246909547
2025-10-27,SKU_0178,116,122.45053921640093
2025-11-03,SKU_0178,112,105.8066124586793
2025-11-10,SKU_0178,83,91.04120476840579
2025-11-17,SKU_0178,73,89.80261845320165
2025-11-24,SKU_0178,111,85.9442514411297
2025-12-01,SKU_0178,78,99.4814121278499
2025-12-08,SKU_0178,104,92.7253278840493
2025-12-15,SKU_0178,154,132.9374149816846
2025-12-22,SKU_0178,168,154.22915972862222
2025-12-29,SKU_0178,44,112.23368614458917
2025-10-13,SKU_0179,219,209.31103213849767
2025-10-20,SKU_0179,323,285.19703843320974
2025-10-27,SKU_0179,311,304.95026272825623
2025-11-03,SKU_0179,293,268.8776898021774
2025-11-10,SKU_0179,266,251.30496970260182
2025-11-17,SKU_0179,214,253.14026249155796
2025-11-24,SKU_0179,261,233.1972278771537
2025-12-01,SKU_0179,275,246.90040768646531
2025-12-08,SKU_0179,261,271.7276969198063
2025-12-15,SKU_0179,386,379.1227912773885
2025-12-22,SKU_0179,451,360.65487140349245
2025-12-29,SKU_0179,169,274.00026218418463
2025-10-13,SKU_0180,78,67.25854113297974
2025-10-20,SKU_0180,100,100.78756938240022
2025-10-27,SKU_0180,91,110.49468027585519
2025-11-03,SKU_0180,88,96.76669688023962
2025-11-10,SKU_0180,60,81.74268241968198
2025-11-17,SKU_0180,62,74.7806804638263
2025-11-24,SKU_0180,87,71.02940297816117
2025-12-01,SKU_0180,97,86.59955232710739
2025-12-08,SKU_0180,73,90.90891566262314
2025-12-15,SKU_0180,132,125.59707954034772
2025-12-22,SKU_0180,126,122.53694754088411
2025-12-29,SKU_0180,42,87.9463210888065
2025-10-13,SKU_0181,331,358.2066746621484
2025-10-20,SKU_0181,507,415.32817121613294
2025-10-27,SKU_0181,535,435.51309787808003
2025-11-03,SKU_0181,426,466.68956221141985
2025-11-10,SKU_0181,420,324.3747968936455
2025-11-17,SKU_0181,383,385.2618746706956
2025-11-24,SKU_0181,345,453.29640636285495
2025-12-01,SKU_0181,439,420.3429616898007
2025-12-08,SKU_0181,444,395.1063281343021
2025-12-15,SKU_0181,680,631.8310310816163
2025-12-22,SKU_0181,573,632.367212238415
2025-12-29,SKU_0181,240,401.20229456874847
2025-10-13,SKU_0182,177,160.42251132100475
2025-10-20,SKU_0182,223,235.6419346400732
2025-10-27,SKU_0182,295,246.20189470100374
2025-11-03,SKU_0182,179,222.88862707024322
2025-11-10,SKU_0182,216,175.53172796882174
2025-11-17,SKU_0182,195,186.58149252978524
2025-11-24,SKU_0182,173,191.65581050952514
2025-12-01,SKU_0182,147,199.6960060434007
2025-12-08,SKU_0182,204,195.14326969407168
2025-12-15,SKU_0182,322,285.31046287788894
2025-12-22,SKU_0182,306,322.10598709258824
2025-12-29,SKU_0182,112,209.8985021295159
2025-10-13,SKU_0183,30,27.885539692859794
2025-10-20,SKU_0183,39,39.49465315450946
2025-10-27,SKU_0183,51,46.1505637206615
2025-11-03,SKU_0183,48,41.51369898420323
2025-11-10,SKU_0183,40,37.07004627662155
2025-11-17,SKU_0183,31,39.157676213318375
2025-11-24,SKU_0183,31,36.919912381998664
2025-12-01,SKU_0183,32,36.58951780453679
2025-12-08,SKU_0183,30,36.80879103483848
2025-12-15,SKU_0183,66,47.05024937477205
2025-12-22,SKU_0183,56,59.5832280557321
2025-12-29,SKU_0183,22,40.36922739300925
2025-10-13,SKU_0184,40,41.395454839922216
2025-10-20,SKU_0184,46,54.056719346426306
2025-10-27,SKU_0184,55,61.0120735214693
2025-11-03,SKU_0184,55,50.64839874099266
2025-11-10,SKU_0184,22,45.08857770379852
2025-11-17,SKU_0184,40,36.575952628323535
2025-11-24,SKU_0184,38,40.28871712926037
2025-12-01,SKU_0184,45,42.19553328212008
2025-12-08,SKU_0184,38,44.05074746413644
2025-12-15,SKU_0184,81,62.66403481896494
2025-12-22,SKU_0184,55,75.26452542817044
2025-12-29,SKU_0184,30,44.00318794880692
2025-10-13,SKU_0185,162,139.29225104213873
2025-10-20,SKU_0185,263,225.4181156114046
2025-10-27,SKU_0185,255,239.65570115408434
2025-11-03,SKU_0185,201,201.95260731860444
2025-11-10,SKU_0185,146,170.32822026951246
2025-11-17,SKU_0185,157,172.03580555893416
2025-11-24,SKU_0185,146,172.95591367118894
2025-12-01,SKU_0185,222,178.81971236403874
2025-12-08,SKU_0185,197,183.99109513398457
2025-12-15,SKU_0185,243,282.165512986076
2025-12-22,SKU_0185,300,285.5947117513856
2025-12-29,SKU_0185,94,206.0131460333897
2025-10-13,SKU_0186,63,56.65085146929122
2025-10-20,SKU_0186,98,85.34533762932644
2025-10-27,SKU_0186,116,88.06023509989188
2025-11-03,SKU_0186,74,92.28982099093685
2025-11-10,SKU_0186,58,71.28046668780368
2025-11-17,SKU_0186,66,69.7820634358249
2025-11-24,SKU_0186,74,70.64611214200077
2025-12-01,SKU_0186,79,74.32415120870537
2025-12-08,SKU_0186,95,77.61248440674154
2025-12-15,SKU_0186,133,121.21734016077909
2025-12-22,SKU_0186,122,116.68945055930541
2025-12-29,SKU_0186,36,85.55202217308707
2025-10-13,SKU_0187,171,198.8637169018052
2025-10-20,SKU_0187,258,276.4146858155645
2025-10-27,SKU_0187,313,311.39602403567966
2025-11-03,SKU_0187,234,251.03098313086835
2025-11-10,SKU_0187,186,215.49227015438504
2025-11-17,SKU_0187,202,211.65312418842365
2025-11-24,SKU_0187,259,209.65089879095206
2025-12-01,SKU_0187,270,252.0005602604404
2025-12-08,SKU_0187,248,246.12444600811463
2025-12-15,SKU_0187,422,376.96517838970357
2025-12-22,SKU_0187,363,362.5695120025569
2025-12-29,SKU_0187,155,265.2047864226059
2025-10-13,SKU_0188,63,46.90602544820176
2025-10-20,SKU_0188,62,69.81610972990808
2025-10-27,SKU_0188,60,74.76054150543072
2025-11-03,SKU_0188,59,59.89145815246181
2025-11-10,SKU_0188,57,54.04091501931106
2025-11-17,SKU_0188,56,56.04361070693496
2025-11-24,SKU_0188,57,56.532113917545736
2025-12-01,SKU_0188,57,58.96541754781437
2025-12-08,SKU_0188,53,61.76223316844755
2025-12-15,SKU_0188,89,79.9640107912954
2025-12-22,SKU_0188,84,84.4957766393131
2025-12-29,SKU_0188,24,55.62994141404218
2025-10-13,SKU_0189,67,97.22781989238497
2025-10-20,SKU_0189,127,117.63435097836684
2025-10-27,SKU_0189,125,135.52545850009545
2025-11-03,SKU_0189,119,112.98299523072568
2025-11-10,SKU_0189,105,97.47336885543376
2025-11-17,SKU_0189,101,104.46443175267174
2025-11-24,SKU_0189,94,106.63054161739322
2025-12-01,SKU_0189,123,104.65164447970334
2025-12-08,SKU_0189,99,113.54283770901353
2025-12-15,SKU_0189,168,158.3178144635491
2025-12-22,SKU_0189,191,160.92562867833786
2025-12-29,SKU_0189,71,128.1114036812948
2025-10-13,SKU_0190,34,44.93105463462277
2025-10-20,SKU_0190,76,55.51119053605566
2025-10-27,SKU_0190,60,74.4121448745017
2025-11-03,SKU_0190,61,57.76658341570631
2025-11-10,SKU_0190,60,51.52192719476581
2025-11-17,SKU_0190,60,52.97245334976502
2025-11-24,SKU_0190,56,53.72216279555722
2025-12-01,SKU_0190,44,58.841068777491884
2025-12-08,SKU_0190,48,54.506235655318164
2025-12-15,SKU_0190,75,78.43002975759879
2025-12-22,SKU_0190,93,75.56119290275538
2025-12-29,SKU_0190,44,47.34157773827858
2025-10-13,SKU_0191,232,211.64723058164543
2025-10-20,SKU_0191,364,322.20331147514867
2025-10-27,SKU_0191,354,342.6872257297811
2025-11-03,SKU_0191,273,325.5835254390825
2025-11-10,SKU_0191,269,258.8083374520444
2025-11-17,SKU_0191,242,258.7881197142128
2025-11-24,SKU_0191,251,249.3777311596273
2025-12-01,SKU_0191,272,291.768460884107
2025-12-08,SKU_0191,297,275.09571916827167
2025-12-15,SKU_0191,362,404.61984696525866
2025-12-22,SKU_0191,338,396.4579529322839
2025-12-29,SKU_0191,151,272.9167868330104
2025-10-13,SKU_0192,165,156.70999285196743
2025-10-20,SKU_0192,224,217.71047508402515
2025-10-27,SKU_0192,245,235.00034437585617
2025-11-03,SKU_0192,205,205.32490755077288
2025-11-10,SKU_0192,180,175.3518696992101
2025-11-17,SKU_0192,172,181.21251983487454
2025-11-24,SKU_0192,166,179.9880081798055
2025-12-01,SKU_0192,192,191.09404943434737
2025-12-08,SKU_0192,221,194.41191802368562
2025-12-15,SKU_0192,305,282.7939006486873
2025-12-22,SKU_0192,308,290.75487489265566
2025-12-29,SKU_0192,79,211.00589113565294
2025-10-13,SKU_0193,146,142.24725644353157
2025-10-20,SKU_0193,243,206.38962907016372
2025-10-27,SKU_0193,300,234.75304322543514
2025-11-03,SKU_0193,233,220.69146195834793
2025-11-10,SKU_0193,151,185.32346451289493
2025-11-17,SKU_0193,195,172.89407093697076
2025-11-24,SKU_0193,201,178.94632833461182
2025-12-01,SKU_0193,237,198.15525750774302
2025-12-08,SKU_0193,204,223.61172044221658
2025-12-15,SKU_0193,300,303.2269661749339
2025-12-22,SKU_0193,292,324.5156896640975
2025-12-29,SKU_0193,121,224.46640255065742
2025-10-13,SKU_0194,107,110.52903164720225
2025-10-20,SKU_0194,161,150.68099144386582
2025-10-27,SKU_0194,198,169.34954418105437
2025-11-03,SKU_0194,148,151.8687387506289
2025-11-10,SKU_0194,135,126.09983585429626
2025-11-17,SKU_0194,119,127.53365241222153
2025-11-24,SKU_0194,121,127.71262026959177
2025-12-01,SKU_0194,144,136.32503056402163
2025-12-08,SKU_0194,144,136.36714585013874
2025-12-15,SKU_0194,204,203.43966381878857
2025-12-22,SKU_0194,192,223.93713609276034
2025-12-29,SKU_0194,71,139.94542561483712
2025-10-13,SKU_0195,23,20.326071505206087
2025-10-20,SKU_0195,22,28.564729186668412
2025-10-27,SKU_0195,42,28.68725977095837
2025-11-03,SKU_0195,27,28.96989481704445
2025-11-10,SKU_0195,19,25.35169508238999
2025-11-17,SKU_0195,20,22.231591064907636
2025-11-24,SKU_0195,29,20.882382708215978
2025-12-01,SKU_0195,33,26.56641069497317
2025-12-08,SKU_0195,30,29.147404877879634
2025-12-15,SKU_0195,52,42.00344492903562
2025-12-22,SKU_0195,45,49.393682795627214
2025-12-29,SKU_0195,10,36.87433341906091
2025-10-13,SKU_0196,47,66.53399382387988
2025-10-20,SKU_0196,82,81.77120678277642
2025-10-27,SKU_0196,99,84.01129732433344
2025-11-03,SKU_0196,76,85.92621718201718
2025-11-10,SKU_0196,78,71.57479207731403
2025-11-17,SKU_0196,54,74.67418603770943
2025-11-24,SKU_0196,54,68.92307234791186
2025-12-01,SKU_0196,89,70.91425641110173
2025-12-08,SKU_0196,88,73.63013222787818
2025-12-15,SKU_0196,110,109.30032290227324
2025-12-22,SKU_0196,120,112.7686823557565
2025-12-29,SKU_0196,44,81.66131754501222
2025-10-13,SKU_0197,167,175.15798267296347
2025-10-20,SKU_0197,246,233.37111300528542
2025-10-27,SKU_0197,221,262.9758929253563
2025-11-03,SKU_0197,227,222.83543618616454
2025-11-10,SKU_0197,188,190.0555121709874
2025-11-17,SKU_0197,206,181.36549862724183
2025-11-24,SKU_0197,175,198.05962564069713
2025-12-01,SKU_0197,213,212.63882570760967
2025-12-08,SKU_0197,236,222.54835836908273
2025-12-15,SKU_0197,279,305.1686915768939
2025-12-22,SKU_0197,349,303.9450948317618
2025-12-29,SKU_0197,98,216.41228137935832
2025-10-13,SKU_0198,154,154.94914729077715
2025-10-20,SKU_0198,214,205.97296053082496
2025-10-27,SKU_0198,216,225.5640352456331
2025-11-03,SKU_0198,212,192.15232062305816
2025-11-10,SKU_0198,186,169.16738742249518
2025-11-17,SKU_0198,156,173.6276605868652
2025-11-24,SKU_0198,180,171.81411246343066
2025-12-01,SKU_0198,189,195.39035862528465
2025-12-08,SKU_0198,171,194.39858492120786
2025-12-15,SKU_0198,280,260.3173463281032
2025-12-22,SKU_0198,305,288.576302579728
2025-12-29,SKU_0198,121,208.4753881165736
2025-10-13,SKU_0199,98,112.84886595379642
2025-10-20,SKU_0199,123,148.54907208113946
2025-10-27,SKU_0199,194,165.87534326434957
2025-11-03,SKU_0199,121,133.83317211971783
2025-11-10,SKU_0199,114,116.02427254962471
2025-11-17,SKU_0199,102,120.16382515485441
2025-11-24,SKU_0199,123,114.64226687424451
2025-12-01,SKU_0199,164,128.20266802274858
2025-12-08,SKU_0199,144,134.4192759917199
2025-12-15,SKU_0199,216,186.1304933401101
2025-12-22,SKU_0199,179,217.8941449082321
2025-12-29,SKU_0199,83,134.54671512392466
2025-10-13,SKU_0200,26,19.763025654127617
2025-10-20,SKU_0200,35,29.686482066905935
2025-10-27,SKU_0200,32,33.48158854079939
2025-11-03,SKU_0200,30,29.374753733100714
2025-11-10,SKU_0200,23,26.422876129560994
2025-11-17,SKU_0200,23,25.0362283304724
2025-11-24,SKU_0200,19,22.43672676586197
2025-12-01,SKU_0200,34,25.237179318863117
2025-12-08,SKU_0200,28,28.439861872686233
2025-12-15,SKU_0200,36,39.45424126136945
2025-12-22,SKU_0200,42,37.6759967284379
2025-12-29,SKU_0200,16,30.95281494768542
